ARRG 2,31418
Audio Test 2,9999
Baynet 2,31075
BC 1,3027
BC 2,103027
Bridge 2,3100
Cactus 2,3185
California 1,3106
Canada 2,302
Cascades 1,3191
Hawaii 1-2,3115
I-5 1,3168
I-84 2,31419
Idaho 1,3116
Idaho ARES 2,31160
Inland 2,465263
Local 1,3181
Metro 2,3166
Michigan 1,3126
Montana 2,3130
Mountain 2,3177
MPRG 1-2,31301
N.America 2,3163
Net 1_31001,31001
Net 2,31002
Ontario 2,3023
OR Central 2,31411
Oregon 1,3141
Parrot 1,9998
Parrot-Test_14998,14998
PNW 1,3187
PNW 2,103187
PNW Rgnl 2,31771
PS1-DNU,91111
PS2-DNU,92222
RACOM ARC 2,315310
SAR-WV 2,314122
SAR-WV 2,314122
SNARS 1-2,31328
SoCal 2,31066
TAC 1-2,8951
TAC 2-2,8952
TAC 3-2,8953
TAC 310-2,310
TAC 311-2,311
TAC 312-2,312
USA 2,1776
Utah 2,3149
Washington 1,3153
Washington 2,103153
Worldwide 2,3161
WVisayas 5156,5156
WW Eng 113-2,113
WW English 2,13
Simplex 99,99
World-wide,91
WW Maritime,9101
North America,93
SOTA,973
Hurricane Net,3199
Reddit,98003
