"No.","Scan List Name","Scan Channel Member","Scan Channel Member RX Frequency","Scan Channel Member TX Frequency","Scan Mode","Priority Channel Select","Priority Channel 1","Priority Channel 1 RX Frequency","Priority Channel 1 TX Frequency","Priority Channel 2","Priority Channel 2 RX Frequency","Priority Channel 2 TX Frequency","Revert Channel","Look Back Time A[s]","Look Back Time B[s]","Dropout Delay Time[s]","Dwell Time[s]"
"1","APRS - Analog","APRS Mute|APRS Raw|APRS Voice","144.39|144.39|144.39","144.39|144.39|144.39","Off","Off","","","Off","","","Selected","0.5","0.5","0.1","0.1"
"2","ARRG 2","ARRG 2 BIJ|ARRG 2 COL|ARRG 2 GRH|ARRG 2 HIS|ARRG 2 MHG|ARRG 2 MMO|ARRG 2 POM|ARRG 2 POS|ARRG 2 THS","443.325|443.1|443.075|440.8125|444.15|430.4125|441.325|440.5125|443.1","448.325|448.1|448.075|445.8125|449.15|430.4125|446.325|445.5125|448.1","Off","Off","","","Off","","","Selected","0.5","0.5","0.1","0.1"
"3","Audio Test 2","Audio Test 2 ARA|Audio Test 2 BEU|Audio Test 2 BEV|Audio Test 2 BIJ|Audio Test 2 BOG|Audio Test 2 BPC|Audio Test 2 BVC|Audio Test 2 BVV|Audio Test 2 CAH|Audio Test 2 CDA|Audio Test 2 CDM|Audio Test 2 CHB|Audio Test 2 CMU|Audio Test 2 COL|Audio Test 2 DCV|Audio Test 2 ELU|Audio Test 2 ELV|Audio Test 2 EPB|Audio Test 2 GRH|Audio Test 2 HIS|Audio Test 2 HOB|Audio Test 2 IST|Audio Test 2 KEC|Audio Test 2 LEW|Audio Test 2 LVR|Audio Test 2 MAZ|Audio Test 2 MHG|Audio Test 2 MMD|Audio Test 2 MMR|Audio Test 2 MMT|Audio Test 2 MOF|Audio Test 2 NBV|Audio Test 2 NEM|Audio Test 2 NMR|Audio Test 2 OCS|Audio Test 2 OLC|Audio Test 2 POG|Audio Test 2 POM|Audio Test 2 POP|Audio Test 2 POS|Audio Test 2 PRT|Audio Test 2 PUW|Audio Test 2 SAI|Audio Test 2 SEM|Audio Test 2 SHL|Audio Test 2 SHR|Audio Test 2 SKU|Audio Test 2 SKV|Audio Test 2 SLP|Audio Test 2 SPH","147.4125|440.925|146.5|443.325|443.375|444.1125|441.2875|147.02|443.325|440.925|146.45|146.5|440.9625|443.1|442.8875|440.925|147.4125|147.4125|443.075|440.8125|443.075|442.025|444.7125|442.1|441.7|145.21|444.15|430.4375|430.4375|430.4375|440.925|440.725|444.4875|146.4875|146.4125|440.7125|444.125|441.325|444.8375|440.5125|441.25|440.7|443.75|441.325|147.02|440.125|444.125|147.4125|145.35|441.275","146.4125|445.925|147.5|448.325|448.375|449.1125|446.2875|147.62|448.325|445.925|147.45|147.5|445.9625|448.1|447.8875|445.925|146.4125|146.4125|448.075|445.8125|448.075|447.025|449.7125|447.1|446.7|147.99|449.15|439.4375|439.4375|439.4375|445.925|445.725|449.4875|147.4875|147.4125|445.7125|449.125|446.325|449.8375|445.5125|446.25|445.7|448.75|446.325|147.62|445.125|449.125|146.4125|144.75|446.275","Off","Off","","","Off","","","Selected","0.5","0.5","0.1","0.1"
"4","Baynet 2","Baynet 2 BIJ|Baynet 2 BOG|Baynet 2 CAH|Baynet 2 COL|Baynet 2 GRH|Baynet 2 HIS|Baynet 2 HOB|Baynet 2 MHG|Baynet 2 POM|Baynet 2 POS|Baynet 2 TFM|Baynet 2 THS","443.325|443.375|443.325|443.1|443.075|440.8125|443.075|444.15|441.325|440.5125|443.25|443.1","448.325|448.375|448.325|448.1|448.075|445.8125|448.075|449.15|446.325|445.5125|448.25|448.1","Off","Off","","","Off","","","Selected","0.5","0.5","0.1","0.1"
"5","BC 1","BC 1 ARA|BC 1 BCA|BC 1 BCB|BC 1 BCP|BC 1 BCS|BC 1 BCW|BC 1 BEU|BC 1 BEV|BC 1 BIJ|BC 1 BOG|BC 1 BPC|BC 1 BSQ|BC 1 BVC|BC 1 BVV|BC 1 CAH|BC 1 CDA|BC 1 CDM|BC 1 CHB|BC 1 CMU|BC 1 COL|BC 1 ELU|BC 1 ELV|BC 1 EPB|BC 1 GRH|BC 1 HIS|BC 1 HOB|BC 1 IST|BC 1 LEW|BC 1 MAZ|BC 1 MHG|BC 1 MMB|BC 1 MMD|BC 1 MMR|BC 1 MMT|BC 1 MOF|BC 1 NBV|BC 1 NMR|BC 1 OCS|BC 1 OLC|BC 1 POG|BC 1 POM|BC 1 POP|BC 1 POS|BC 1 PUW|BC 1 SAI|BC 1 SEM|BC 1 SHL|BC 1 SHR|BC 1 SKU|BC 1 SKV","147.4125|443.85|443.85|444.25|443.4|444.6|440.925|146.5|443.325|443.375|444.1125|443.85|441.2875|147.02|443.325|440.925|146.45|146.5|440.9625|443.1|440.925|147.4125|147.4125|443.075|440.8125|443.075|442.025|442.1|145.21|444.15|430.4125|430.4375|430.4375|430.4375|440.925|440.725|146.4875|146.4125|440.7125|444.125|441.325|444.8375|440.5125|440.7|443.75|441.325|147.02|440.125|444.125|147.4125","146.4125|448.85|448.85|449.25|448.4|449.6|445.925|147.5|448.325|448.375|449.1125|448.85|446.2875|147.62|448.325|445.925|147.45|147.5|445.9625|448.1|445.925|146.4125|146.4125|448.075|445.8125|448.075|447.025|447.1|147.99|449.15|430.4125|439.4375|439.4375|439.4375|445.925|445.725|147.4875|147.4125|445.7125|449.125|446.325|449.8375|445.5125|445.7|448.75|446.325|147.62|445.125|449.125|146.4125","Off","Off","","","Off","","","Selected","0.5","0.5","0.1","0.1"
"6","BC 2","BC 2 BCA|BC 2 BCB|BC 2 BCP|BC 2 BCS|BC 2 BCW|BC 2 BSQ","443.85|443.85|444.25|443.4|444.6|443.85","448.85|448.85|449.25|448.4|449.6|448.85","Off","Off","","","Off","","","Selected","0.5","0.5","0.1","0.1"
"7","Bridge 2","Bridge 2 ARA|Bridge 2 BEU|Bridge 2 BIJ|Bridge 2 BOG|Bridge 2 BVC|Bridge 2 BVV|Bridge 2 CAH|Bridge 2 CDA|Bridge 2 CDM|Bridge 2 CHB|Bridge 2 CMU|Bridge 2 COL|Bridge 2 ELU|Bridge 2 ELV|Bridge 2 EPB|Bridge 2 GRH|Bridge 2 HIS|Bridge 2 HOB|Bridge 2 IST|Bridge 2 KEC|Bridge 2 LEW|Bridge 2 LVR|Bridge 2 MAZ|Bridge 2 MHG|Bridge 2 MOF|Bridge 2 NBV|Bridge 2 OCS|Bridge 2 OLC|Bridge 2 POG|Bridge 2 POM|Bridge 2 POS|Bridge 2 SAI|Bridge 2 SEM|Bridge 2 SHL|Bridge 2 SHR|Bridge 2 SKU|Bridge 2 SKV|Bridge 2 SLP|Bridge 2 SPL|Bridge 2 SRu|Bridge 2 SRv|Bridge 2 TAR|Bridge 2 TB2|Bridge 2 TBU|Bridge 2 TFM|Bridge 2 THS|Bridge 2 TRU|Bridge 2 WEN|Bridge 2 WHI|Bridge 2 WRL","147.4125|440.925|443.325|443.375|441.2875|147.02|443.325|440.925|146.45|146.5|440.9625|443.1|440.925|147.4125|147.4125|443.075|440.8125|443.075|442.025|444.7125|442.1|441.7|145.21|444.15|440.925|440.725|146.4125|440.7125|444.125|441.325|440.5125|443.75|441.325|147.02|440.125|444.125|147.4125|145.35|444.15|440.7875|147.4625|440.725|223.8|441.35|443.25|443.1|440.7375|443.75|440.7|145.125","146.4125|445.925|448.325|448.375|446.2875|147.62|448.325|445.925|147.45|147.5|445.9625|448.1|445.925|146.4125|146.4125|448.075|445.8125|448.075|447.025|449.7125|447.1|446.7|147.99|449.15|445.925|445.725|147.4125|445.7125|449.125|446.325|445.5125|448.75|446.325|147.62|445.125|449.125|146.4125|144.75|449.15|445.7875|146.4625|445.725|222.2|446.35|448.25|448.1|445.7375|448.75|445.7|147.925","Off","Off","","","Off","","","Selected","0.5","0.5","0.1","0.1"
"8","Cactus 2","Cactus 2 BVV|Cactus 2 TAR","147.02|440.725","147.62|445.725","Off","Off","","","Off","","","Selected","0.5","0.5","0.1","0.1"
"9","California 1","California 1 ARA|California 1 BEV|California 1 BIJ|California 1 BOG|California 1 BVC|California 1 BVV|California 1 CAH|California 1 CMU|California 1 COL|California 1 ELU|California 1 ELV|California 1 GRH|California 1 HIS|California 1 HOB|California 1 IST|California 1 MHG|California 1 MMD|California 1 MOF|California 1 OLC|California 1 POM|California 1 POS|California 1 SHL|California 1 SKU|California 1 SKV|California 1 SPL|California 1 SRu|California 1 TAR|California 1 TB2|California 1 TBU|California 1 TFM|California 1 THS|California 1 TLE|California 1 TLW|California 1 WHI","147.4125|146.5|443.325|443.375|441.2875|147.02|443.325|440.9625|443.1|440.925|147.4125|443.075|440.8125|443.075|442.025|444.15|430.4375|440.925|440.7125|441.325|440.5125|147.02|444.125|147.4125|444.15|440.7875|440.725|223.8|441.35|443.25|443.1|442.35|444.1|440.7","146.4125|147.5|448.325|448.375|446.2875|147.62|448.325|445.9625|448.1|445.925|146.4125|448.075|445.8125|448.075|447.025|449.15|439.4375|445.925|445.7125|446.325|445.5125|147.62|449.125|146.4125|449.15|445.7875|445.725|222.2|446.35|448.25|448.1|447.35|449.1|445.7","Off","Off","","","Off","","","Selected","0.5","0.5","0.1","0.1"
"10","Canada 2","Canada 2 BCA|Canada 2 BCB|Canada 2 BCP|Canada 2 BCS|Canada 2 BCW|Canada 2 BEU|Canada 2 BEV|Canada 2 BSQ|Canada 2 BVC|Canada 2 ELV|Canada 2 IST|Canada 2 LEW|Canada 2 MAZ|Canada 2 MOF|Canada 2 SKU|Canada 2 SKV|Canada 2 SPL|Canada 2 SRu|Canada 2 TAR|Canada 2 WHI","443.85|443.85|444.25|443.4|444.6|440.925|146.5|443.85|441.2875|147.4125|442.025|442.1|145.21|440.925|444.125|147.4125|444.15|440.7875|440.725|440.7","448.85|448.85|449.25|448.4|449.6|445.925|147.5|448.85|446.2875|146.4125|447.025|447.1|147.99|445.925|449.125|146.4125|449.15|445.7875|445.725|445.7","Off","Off","","","Off","","","Selected","0.5","0.5","0.1","0.1"
"11","Cascades 1","Cascades 1 ARA|Cascades 1 BEU|Cascades 1 BEV|Cascades 1 BIJ|Cascades 1 BOG|Cascades 1 BPC|Cascades 1 BVC|Cascades 1 BVV|Cascades 1 CAH|Cascades 1 CDA|Cascades 1 CDM|Cascades 1 CHB|Cascades 1 CMU|Cascades 1 COL|Cascades 1 DCV|Cascades 1 ELU|Cascades 1 ELV|Cascades 1 EPB|Cascades 1 GRH|Cascades 1 HIS|Cascades 1 HOB|Cascades 1 IST|Cascades 1 KEC|Cascades 1 LEW|Cascades 1 LVR|Cascades 1 MAZ|Cascades 1 MHG|Cascades 1 MMB|Cascades 1 MMD|Cascades 1 MMO|Cascades 1 MMR|Cascades 1 MMS|Cascades 1 MMT|Cascades 1 MMW|Cascades 1 MOF|Cascades 1 NBV|Cascades 1 NEM|Cascades 1 NMR|Cascades 1 OCS|Cascades 1 OLC|Cascades 1 POG|Cascades 1 POM|Cascades 1 POP|Cascades 1 POS|Cascades 1 PRT|Cascades 1 PUW|Cascades 1 SAI|Cascades 1 SEM|Cascades 1 SHL|Cascades 1 SHR","147.4125|440.925|146.5|443.325|443.375|444.1125|441.2875|147.02|443.325|440.925|146.45|146.5|440.9625|443.1|442.8875|440.925|147.4125|147.4125|443.075|440.8125|443.075|442.025|444.7125|442.1|441.7|145.21|444.15|430.4125|430.4375|430.4125|430.4375|430.4125|430.4375|430.4125|440.925|440.725|444.4875|146.4875|146.4125|440.7125|444.125|441.325|444.8375|440.5125|441.25|440.7|443.75|441.325|147.02|440.125","146.4125|445.925|147.5|448.325|448.375|449.1125|446.2875|147.62|448.325|445.925|147.45|147.5|445.9625|448.1|447.8875|445.925|146.4125|146.4125|448.075|445.8125|448.075|447.025|449.7125|447.1|446.7|147.99|449.15|430.4125|439.4375|430.4125|439.4375|430.4125|439.4375|430.4125|445.925|445.725|449.4875|147.4875|147.4125|445.7125|449.125|446.325|449.8375|445.5125|446.25|445.7|448.75|446.325|147.62|445.125","Off","Off","","","Off","","","Selected","0.5","0.5","0.1","0.1"
"12","Eph/Analog VHF","145.3100 W7TT","145.31","144.71","Off","Off","","","Off","","","Selected","0.5","0.5","0.1","0.1"
"13","Hawaii 1-2","Hawaii 1-2 BPC|Hawaii 1-2 BVC|Hawaii 1-2 IST|Hawaii 1-2 MAZ|Hawaii 1-2 TBU","444.1125|441.2875|442.025|145.21|441.35","449.1125|446.2875|447.025|147.99|446.35","Off","Off","","","Off","","","Selected","0.5","0.5","0.1","0.1"
"14","Hurricane Net","Hurricane NetPIS","439.755","434.755","Off","Off","","","Off","","","Selected","0.5","0.5","0.1","0.1"
"15","I-5 1","I-5 1 ARA|I-5 1 BCA|I-5 1 BCB|I-5 1 BCP|I-5 1 BCS|I-5 1 BCW|I-5 1 BEU|I-5 1 BEV|I-5 1 BSQ|I-5 1 BVC|I-5 1 BVV|I-5 1 CHB|I-5 1 COL|I-5 1 DCV|I-5 1 GRH|I-5 1 HIS|I-5 1 IST|I-5 1 KEC|I-5 1 LVR|I-5 1 MMD|I-5 1 MMS|I-5 1 MMW|I-5 1 NEM|I-5 1 OLC|I-5 1 POM|I-5 1 POP|I-5 1 POS|I-5 1 SEM|I-5 1 SHR|I-5 1 SKU|I-5 1 SKV|I-5 1 SLP|I-5 1 SPH|I-5 1 TAR|I-5 1 TBU|I-5 1 TBV|I-5 1 TLE|I-5 1 TLW|I-5 1 WHI","147.4125|443.85|443.85|444.25|443.4|444.6|440.925|146.5|443.85|441.2875|147.02|146.5|443.1|442.8875|443.075|440.8125|442.025|444.7125|441.7|430.4375|430.4125|430.4125|444.4875|440.7125|441.325|444.8375|440.5125|441.325|440.125|444.125|147.4125|145.35|441.275|440.725|441.35|146.4375|442.35|444.1|440.7","146.4125|448.85|448.85|449.25|448.4|449.6|445.925|147.5|448.85|446.2875|147.62|147.5|448.1|447.8875|448.075|445.8125|447.025|449.7125|446.7|439.4375|430.4125|430.4125|449.4875|445.7125|446.325|449.8375|445.5125|446.325|445.125|449.125|146.4125|144.75|446.275|445.725|446.35|147.4375|447.35|449.1|445.7","Off","Off","","","Off","","","Selected","0.5","0.5","0.1","0.1"
"16","I-84 2","I-84 2 BIJ|I-84 2 BOG|I-84 2 BPC|I-84 2 CAH|I-84 2 COL|I-84 2 GRH|I-84 2 HIS|I-84 2 HOB|I-84 2 MHG|I-84 2 MMO|I-84 2 NMR|I-84 2 POM|I-84 2 POP|I-84 2 POS|I-84 2 TFM|I-84 2 THS|I-84 2 TRV","443.325|443.375|444.1125|443.325|443.1|443.075|440.8125|443.075|444.15|430.4125|146.4875|441.325|444.8375|440.5125|443.25|443.1|146.425","448.325|448.375|449.1125|448.325|448.1|448.075|445.8125|448.075|449.15|430.4125|147.4875|446.325|449.8375|445.5125|448.25|448.1|147.425","Off","Off","","","Off","","","Selected","0.5","0.5","0.1","0.1"
"17","Idaho 1","Idaho 1 ARA|Idaho 1 BEU|Idaho 1 BEV|Idaho 1 BIJ|Idaho 1 BOG|Idaho 1 BVC|Idaho 1 BVV|Idaho 1 CAH|Idaho 1 CDA|Idaho 1 CDM|Idaho 1 CMU|Idaho 1 COL|Idaho 1 DCV|Idaho 1 ELU|Idaho 1 ELV|Idaho 1 EPB|Idaho 1 GRH|Idaho 1 HIS|Idaho 1 HOB|Idaho 1 IST|Idaho 1 KEC|Idaho 1 LEW|Idaho 1 LVR|Idaho 1 MAZ|Idaho 1 MHG|Idaho 1 MMB|Idaho 1 MMD|Idaho 1 MMO|Idaho 1 MMR|Idaho 1 MMS|Idaho 1 MMT|Idaho 1 MOF|Idaho 1 NBV|Idaho 1 NEM|Idaho 1 NMR|Idaho 1 OCS|Idaho 1 OLC|Idaho 1 POM|Idaho 1 POS|Idaho 1 PRT|Idaho 1 PUW|Idaho 1 SAI|Idaho 1 SEM|Idaho 1 SHL|Idaho 1 SHR|Idaho 1 SKU|Idaho 1 SKV|Idaho 1 SLP|Idaho 1 SPH|Idaho 1 SPL","147.4125|440.925|146.5|443.325|443.375|441.2875|147.02|443.325|440.925|146.45|440.9625|443.1|442.8875|440.925|147.4125|147.4125|443.075|440.8125|443.075|442.025|444.7125|442.1|441.7|145.21|444.15|430.4125|430.4375|430.4125|430.4375|430.4125|430.4375|440.925|440.725|444.4875|146.4875|146.4125|440.7125|441.325|440.5125|441.25|440.7|443.75|441.325|147.02|440.125|444.125|147.4125|145.35|441.275|444.15","146.4125|445.925|147.5|448.325|448.375|446.2875|147.62|448.325|445.925|147.45|445.9625|448.1|447.8875|445.925|146.4125|146.4125|448.075|445.8125|448.075|447.025|449.7125|447.1|446.7|147.99|449.15|430.4125|439.4375|430.4125|439.4375|430.4125|439.4375|445.925|445.725|449.4875|147.4875|147.4125|445.7125|446.325|445.5125|446.25|445.7|448.75|446.325|147.62|445.125|449.125|146.4125|144.75|446.275|449.15","Off","Off","","","Off","","","Selected","0.5","0.5","0.1","0.1"
"18","Idaho ARES 2","Idaho ARES 2 CDA|Idaho ARES 2 CDM|Idaho ARES 2 LEW|Idaho ARES 2 SAI","440.925|146.45|442.1|443.75","445.925|147.45|447.1|448.75","Off","Off","","","Off","","","Selected","0.5","0.5","0.1","0.1"
"19","Inland 2","Inland 2 BIJ|Inland 2 BOG|Inland 2 CAH|Inland 2 COL|Inland 2 GRH|Inland 2 HIS|Inland 2 HOB|Inland 2 MHG|Inland 2 POM|Inland 2 POS|Inland 2 TBV|Inland 2 TFM|Inland 2 THS","443.325|443.375|443.325|443.1|443.075|440.8125|443.075|444.15|441.325|440.5125|146.4375|443.25|443.1","448.325|448.375|448.325|448.1|448.075|445.8125|448.075|449.15|446.325|445.5125|147.4375|448.25|448.1","Off","Off","","","Off","","","Selected","0.5","0.5","0.1","0.1"
"20","Local 1","Local 1 ARA|Local 1 BEU|Local 1 BEV|Local 1 BIJ|Local 1 BOG|Local 1 BPC|Local 1 BVC|Local 1 BVV|Local 1 CAH|Local 1 CDA|Local 1 CDM|Local 1 CHB|Local 1 CMU|Local 1 COL|Local 1 DCV|Local 1 ELU|Local 1 ELV|Local 1 EPB|Local 1 GRH|Local 1 HIS|Local 1 HOB|Local 1 IST|Local 1 KEC|Local 1 LEW|Local 1 LVR|Local 1 MAZ|Local 1 MHG|Local 1 MMB|Local 1 MMD|Local 1 MMO|Local 1 MMP|Local 1 MMR|Local 1 MMS|Local 1 MMT|Local 1 MMW|Local 1 MOF|Local 1 NBV|Local 1 NEM|Local 1 NMR|Local 1 OCS|Local 1 OLC|Local 1 POG|Local 1 POM|Local 1 POP|Local 1 POS|Local 1 PRT|Local 1 PUW|Local 1 SAI|Local 1 SEM|Local 1 SHL","147.4125|440.925|146.5|443.325|443.375|444.1125|441.2875|147.02|443.325|440.925|146.45|146.5|440.9625|443.1|442.8875|440.925|147.4125|147.4125|443.075|440.8125|443.075|442.025|444.7125|442.1|441.7|145.21|444.15|430.4125|430.4375|430.4125|430.4125|430.4375|430.4125|430.4375|430.4125|440.925|440.725|444.4875|146.4875|146.4125|440.7125|444.125|441.325|444.8375|440.5125|441.25|440.7|443.75|441.325|147.02","146.4125|445.925|147.5|448.325|448.375|449.1125|446.2875|147.62|448.325|445.925|147.45|147.5|445.9625|448.1|447.8875|445.925|146.4125|146.4125|448.075|445.8125|448.075|447.025|449.7125|447.1|446.7|147.99|449.15|430.4125|439.4375|430.4125|430.4125|439.4375|430.4125|439.4375|430.4125|445.925|445.725|449.4875|147.4875|147.4125|445.7125|449.125|446.325|449.8375|445.5125|446.25|445.7|448.75|446.325|147.62","Off","Off","","","Off","","","Selected","0.5","0.5","0.1","0.1"
"21","Metro 2","Metro 2 ARA|Metro 2 BEU|Metro 2 BEV|Metro 2 BIJ|Metro 2 BOG|Metro 2 BPC|Metro 2 BVC|Metro 2 BVV|Metro 2 CAH|Metro 2 CDA|Metro 2 CDM|Metro 2 CHB|Metro 2 CMU|Metro 2 COL|Metro 2 DCV|Metro 2 ELU|Metro 2 ELV|Metro 2 EPB|Metro 2 GRH|Metro 2 HIS|Metro 2 HOB|Metro 2 IST|Metro 2 KEC|Metro 2 LEW|Metro 2 LVR|Metro 2 MAZ|Metro 2 MHG|Metro 2 MMT|Metro 2 MOF|Metro 2 NBV|Metro 2 NEM|Metro 2 NMR|Metro 2 OCS|Metro 2 OLC|Metro 2 POG|Metro 2 POM|Metro 2 POP|Metro 2 POS|Metro 2 PRT|Metro 2 PUW|Metro 2 SAI|Metro 2 SEM|Metro 2 SHL|Metro 2 SHR|Metro 2 SKU|Metro 2 SKV|Metro 2 SLP|Metro 2 SPH|Metro 2 SPL|Metro 2 SRu","147.4125|440.925|146.5|443.325|443.375|444.1125|441.2875|147.02|443.325|440.925|146.45|146.5|440.9625|443.1|442.8875|440.925|147.4125|147.4125|443.075|440.8125|443.075|442.025|444.7125|442.1|441.7|145.21|444.15|430.4375|440.925|440.725|444.4875|146.4875|146.4125|440.7125|444.125|441.325|444.8375|440.5125|441.25|440.7|443.75|441.325|147.02|440.125|444.125|147.4125|145.35|441.275|444.15|440.7875","146.4125|445.925|147.5|448.325|448.375|449.1125|446.2875|147.62|448.325|445.925|147.45|147.5|445.9625|448.1|447.8875|445.925|146.4125|146.4125|448.075|445.8125|448.075|447.025|449.7125|447.1|446.7|147.99|449.15|439.4375|445.925|445.725|449.4875|147.4875|147.4125|445.7125|449.125|446.325|449.8375|445.5125|446.25|445.7|448.75|446.325|147.62|445.125|449.125|146.4125|144.75|446.275|449.15|445.7875","Off","Off","","","Off","","","Selected","0.5","0.5","0.1","0.1"
"22","Michigan 1","Michigan 1 BVC","441.2875","446.2875","Off","Off","","","Off","","","Selected","0.5","0.5","0.1","0.1"
"23","Montana 2","Montana 2 ARA|Montana 2 BEU|Montana 2 BEV|Montana 2 BIJ|Montana 2 BOG|Montana 2 CAH|Montana 2 CDA|Montana 2 CDM|Montana 2 CMU|Montana 2 COL|Montana 2 DCV|Montana 2 ELV|Montana 2 EPB|Montana 2 GRH|Montana 2 HIS|Montana 2 HOB|Montana 2 IST|Montana 2 LEW|Montana 2 MAZ|Montana 2 MHG|Montana 2 MMB|Montana 2 MMD|Montana 2 MMT|Montana 2 MOF|Montana 2 NEM|Montana 2 NMR|Montana 2 OCS|Montana 2 POG|Montana 2 POM|Montana 2 POS|Montana 2 PUW|Montana 2 SAI|Montana 2 SHR|Montana 2 SLP|Montana 2 SPH|Montana 2 TAR|Montana 2 TB2|Montana 2 TBV|Montana 2 TFM|Montana 2 THS|Montana 2 TLE|Montana 2 TLW|Montana 2 TRU|Montana 2 WEN|Montana 2 WRL|Montana 2 YAK","147.4125|440.925|146.5|443.325|443.375|443.325|440.925|146.45|440.9625|443.1|442.8875|147.4125|147.4125|443.075|440.8125|443.075|442.025|442.1|145.21|444.15|430.4125|430.4375|430.4375|440.925|444.4875|146.4875|146.4125|444.125|441.325|440.5125|440.7|443.75|440.125|145.35|441.275|440.725|223.8|146.4375|443.25|443.1|442.35|444.1|440.7375|443.75|145.125|147.12","146.4125|445.925|147.5|448.325|448.375|448.325|445.925|147.45|445.9625|448.1|447.8875|146.4125|146.4125|448.075|445.8125|448.075|447.025|447.1|147.99|449.15|430.4125|439.4375|439.4375|445.925|449.4875|147.4875|147.4125|449.125|446.325|445.5125|445.7|448.75|445.125|144.75|446.275|445.725|222.2|147.4375|448.25|448.1|447.35|449.1|445.7375|448.75|147.925|147.72","Off","Off","","","Off","","","Selected","0.5","0.5","0.1","0.1"
"24","Mountain 2","Mountain 2 BEU|Mountain 2 BIJ|Mountain 2 BOG|Mountain 2 BVC|Mountain 2 BVV|Mountain 2 CAH|Mountain 2 CHB|Mountain 2 CMU|Mountain 2 COL|Mountain 2 DCV|Mountain 2 ELU|Mountain 2 ELV|Mountain 2 GRH|Mountain 2 HIS|Mountain 2 HOB|Mountain 2 KEC|Mountain 2 LVR|Mountain 2 MHG|Mountain 2 NEM|Mountain 2 OLC|Mountain 2 POM|Mountain 2 POS|Mountain 2 SEM|Mountain 2 SKU|Mountain 2 SKV|Mountain 2 SPH|Mountain 2 TAR|Mountain 2 TB2|Mountain 2 TBU|Mountain 2 TFM|Mountain 2 THS|Mountain 2 WHI","440.925|443.325|443.375|441.2875|147.02|443.325|146.5|440.9625|443.1|442.8875|440.925|147.4125|443.075|440.8125|443.075|444.7125|441.7|444.15|444.4875|440.7125|441.325|440.5125|441.325|444.125|147.4125|441.275|440.725|223.8|441.35|443.25|443.1|440.7","445.925|448.325|448.375|446.2875|147.62|448.325|147.5|445.9625|448.1|447.8875|445.925|146.4125|448.075|445.8125|448.075|449.7125|446.7|449.15|449.4875|445.7125|446.325|445.5125|446.325|449.125|146.4125|446.275|445.725|222.2|446.35|448.25|448.1|445.7","Off","Off","","","Off","","","Selected","0.5","0.5","0.1","0.1"
"25","MPRG 1-2","MPRG 1-2 BIJ|MPRG 1-2 BOG|MPRG 1-2 CAH|MPRG 1-2 CDA|MPRG 1-2 COL|MPRG 1-2 GRH|MPRG 1-2 HIS|MPRG 1-2 HOB|MPRG 1-2 LEW|MPRG 1-2 MHG|MPRG 1-2 POM|MPRG 1-2 POS|MPRG 1-2 PUW|MPRG 1-2 SAI|MPRG 1-2 TFM|MPRG 1-2 THS","443.325|443.375|443.325|440.925|443.1|443.075|440.8125|443.075|442.1|444.15|441.325|440.5125|440.7|443.75|443.25|443.1","448.325|448.375|448.325|445.925|448.1|448.075|445.8125|448.075|447.1|449.15|446.325|445.5125|445.7|448.75|448.25|448.1","Off","Off","","","Off","","","Selected","0.5","0.5","0.1","0.1"
"26","N.America 2","N.America 2 ARA|N.America 2 BCA|N.America 2 BCB|N.America 2 BCP|N.America 2 BCS|N.America 2 BCW|N.America 2 BEU|N.America 2 BEV|N.America 2 BIJ|N.America 2 BOG|N.America 2 BSQ|N.America 2 BVV|N.America 2 CAH|N.America 2 CDM|N.America 2 CHB|N.America 2 CMU|N.America 2 COL|N.America 2 ELU|N.America 2 ELV|N.America 2 EPB|N.America 2 GRH|N.America 2 HIS|N.America 2 HOB|N.America 2 KEC|N.America 2 LVR|N.America 2 MAZ|N.America 2 MHG|N.America 2 MOF|N.America 2 OCS|N.America 2 POG|N.America 2 POM|N.America 2 POS|N.America 2 PRT|N.America 2 SEM|N.America 2 SHL|N.America 2 SHR|N.America 2 SKU|N.America 2 SKV|N.America 2 SLP|N.America 2 SPL|N.America 2 SRu|N.America 2 SRv|N.America 2 TB2|N.America 2 TBU|N.America 2 TFM|N.America 2 THS|N.America 2 TRU|N.America 2 TRV|N.America 2 WEN|N.America 2 WHI","147.4125|443.85|443.85|444.25|443.4|444.6|440.925|146.5|443.325|443.375|443.85|147.02|443.325|146.45|146.5|440.9625|443.1|440.925|147.4125|147.4125|443.075|440.8125|443.075|444.7125|441.7|145.21|444.15|440.925|146.4125|444.125|441.325|440.5125|441.25|441.325|147.02|440.125|444.125|147.4125|145.35|444.15|440.7875|147.4625|223.8|441.35|443.25|443.1|440.7375|146.425|443.75|440.7","146.4125|448.85|448.85|449.25|448.4|449.6|445.925|147.5|448.325|448.375|448.85|147.62|448.325|147.45|147.5|445.9625|448.1|445.925|146.4125|146.4125|448.075|445.8125|448.075|449.7125|446.7|147.99|449.15|445.925|147.4125|449.125|446.325|445.5125|446.25|446.325|147.62|445.125|449.125|146.4125|144.75|449.15|445.7875|146.4625|222.2|446.35|448.25|448.1|445.7375|147.425|448.75|445.7","Off","Off","","","Off","","","Selected","0.5","0.5","0.1","0.1"
"27","Net 2","Net 2 BEU|Net 2 BEV|Net 2 BIJ|Net 2 BOG|Net 2 BVC|Net 2 BVV|Net 2 CAH|Net 2 CDM|Net 2 CMU|Net 2 COL|Net 2 ELU|Net 2 ELV|Net 2 EPB|Net 2 GRH|Net 2 HIS|Net 2 HOB|Net 2 IST|Net 2 LEW|Net 2 MAZ|Net 2 MHG|Net 2 MMD|Net 2 MMT|Net 2 MOF|Net 2 OCS|Net 2 OLC|Net 2 POG|Net 2 POM|Net 2 POP|Net 2 POS|Net 2 SAI|Net 2 SEM|Net 2 SHL|Net 2 SHR|Net 2 SKU|Net 2 SKV|Net 2 SLP|Net 2 SPL|Net 2 SRu|Net 2 SRv|Net 2 TAR|Net 2 TB2|Net 2 TBU|Net 2 TBV|Net 2 TFM|Net 2 THS|Net 2 TLE|Net 2 TLW|Net 2 WEN|Net 2 YAK","440.925|146.5|443.325|443.375|441.2875|147.02|443.325|146.45|440.9625|443.1|440.925|147.4125|147.4125|443.075|440.8125|443.075|442.025|442.1|145.21|444.15|430.4375|430.4375|440.925|146.4125|440.7125|444.125|441.325|444.8375|440.5125|443.75|441.325|147.02|440.125|444.125|147.4125|145.35|444.15|440.7875|147.4625|440.725|223.8|441.35|146.4375|443.25|443.1|442.35|444.1|443.75|147.12","445.925|147.5|448.325|448.375|446.2875|147.62|448.325|147.45|445.9625|448.1|445.925|146.4125|146.4125|448.075|445.8125|448.075|447.025|447.1|147.99|449.15|439.4375|439.4375|445.925|147.4125|445.7125|449.125|446.325|449.8375|445.5125|448.75|446.325|147.62|445.125|449.125|146.4125|144.75|449.15|445.7875|146.4625|445.725|222.2|446.35|147.4375|448.25|448.1|447.35|449.1|448.75|147.72","Off","Off","","","Off","","","Selected","0.5","0.5","0.1","0.1"
"28","North America","North AmericaPIS","439.755","434.755","Off","Off","","","Off","","","Selected","0.5","0.5","0.1","0.1"
"29","Ontario 2","Ontario 2 BCA|Ontario 2 BCB|Ontario 2 BCP|Ontario 2 BCS|Ontario 2 BCW|Ontario 2 BSQ","443.85|443.85|444.25|443.4|444.6|443.85","448.85|448.85|449.25|448.4|449.6|448.85","Off","Off","","","Off","","","Selected","0.5","0.5","0.1","0.1"
"30","OR Central 2","OR Central 2 MHG|OR Central 2 MMO|OR Central 2 MMR|OR Central 2 PRT|OR Central 2 SLP","444.15|430.4125|430.4375|441.25|145.35","449.15|430.4125|439.4375|446.25|144.75","Off","Off","","","Off","","","Selected","0.5","0.5","0.1","0.1"
"31","Oregon 1","Oregon 1 ARA|Oregon 1 BEU|Oregon 1 BEV|Oregon 1 BIJ|Oregon 1 BOG|Oregon 1 BPC|Oregon 1 BVC|Oregon 1 BVV|Oregon 1 CAH|Oregon 1 CDA|Oregon 1 CDM|Oregon 1 CHB|Oregon 1 CMU|Oregon 1 COL|Oregon 1 DCV|Oregon 1 ELU|Oregon 1 ELV|Oregon 1 EPB|Oregon 1 GRH|Oregon 1 HIS|Oregon 1 HOB|Oregon 1 IST|Oregon 1 KEC|Oregon 1 LEW|Oregon 1 LVR|Oregon 1 MAZ|Oregon 1 MHG|Oregon 1 MMB|Oregon 1 MMD|Oregon 1 MMO|Oregon 1 MMP|Oregon 1 MMR|Oregon 1 MMS|Oregon 1 MMT|Oregon 1 MMW|Oregon 1 MOF|Oregon 1 NBV|Oregon 1 NEM|Oregon 1 NMR|Oregon 1 OCS|Oregon 1 OLC|Oregon 1 POG|Oregon 1 POM|Oregon 1 POP|Oregon 1 POS|Oregon 1 PRT|Oregon 1 PUW|Oregon 1 SAI|Oregon 1 SEM|Oregon 1 SHL","147.4125|440.925|146.5|443.325|443.375|444.1125|441.2875|147.02|443.325|440.925|146.45|146.5|440.9625|443.1|442.8875|440.925|147.4125|147.4125|443.075|440.8125|443.075|442.025|444.7125|442.1|441.7|145.21|444.15|430.4125|430.4375|430.4125|430.4125|430.4375|430.4125|430.4375|430.4125|440.925|440.725|444.4875|146.4875|146.4125|440.7125|444.125|441.325|444.8375|440.5125|441.25|440.7|443.75|441.325|147.02","146.4125|445.925|147.5|448.325|448.375|449.1125|446.2875|147.62|448.325|445.925|147.45|147.5|445.9625|448.1|447.8875|445.925|146.4125|146.4125|448.075|445.8125|448.075|447.025|449.7125|447.1|446.7|147.99|449.15|430.4125|439.4375|430.4125|430.4125|439.4375|430.4125|439.4375|430.4125|445.925|445.725|449.4875|147.4875|147.4125|445.7125|449.125|446.325|449.8375|445.5125|446.25|445.7|448.75|446.325|147.62","Off","Off","","","Off","","","Selected","0.5","0.5","0.1","0.1"
"32","Parrot 1","Parrot 1 ARA|Parrot 1 BCA|Parrot 1 BCB|Parrot 1 BCP|Parrot 1 BCS|Parrot 1 BCW|Parrot 1 BEU|Parrot 1 BEV|Parrot 1 BIJ|Parrot 1 BOG|Parrot 1 BPC|Parrot 1 BSQ|Parrot 1 BVC|Parrot 1 BVV|Parrot 1 CAH|Parrot 1 CDA|Parrot 1 CDM|Parrot 1 CHB|Parrot 1 CMU|Parrot 1 COL|Parrot 1 DCV|Parrot 1 ELU|Parrot 1 ELV|Parrot 1 EPB|Parrot 1 GRH|Parrot 1 HIS|Parrot 1 HOB|Parrot 1 IST|Parrot 1 KEC|Parrot 1 LEW|Parrot 1 LVR|Parrot 1 MAZ|Parrot 1 MHG|Parrot 1 MMB|Parrot 1 MMD|Parrot 1 MMO|Parrot 1 MMP|Parrot 1 MMR|Parrot 1 MMS|Parrot 1 MMT|Parrot 1 MMW|Parrot 1 MOF|Parrot 1 NBV|Parrot 1 NEM|Parrot 1 NMR|Parrot 1 OCS|Parrot 1 OLC|Parrot 1 POG|Parrot 1 POM|Parrot 1 POP","147.4125|443.85|443.85|444.25|443.4|444.6|440.925|146.5|443.325|443.375|444.1125|443.85|441.2875|147.02|443.325|440.925|146.45|146.5|440.9625|443.1|442.8875|440.925|147.4125|147.4125|443.075|440.8125|443.075|442.025|444.7125|442.1|441.7|145.21|444.15|430.4125|430.4375|430.4125|430.4125|430.4375|430.4125|430.4375|430.4125|440.925|440.725|444.4875|146.4875|146.4125|440.7125|444.125|441.325|444.8375","146.4125|448.85|448.85|449.25|448.4|449.6|445.925|147.5|448.325|448.375|449.1125|448.85|446.2875|147.62|448.325|445.925|147.45|147.5|445.9625|448.1|447.8875|445.925|146.4125|146.4125|448.075|445.8125|448.075|447.025|449.7125|447.1|446.7|147.99|449.15|430.4125|439.4375|430.4125|430.4125|439.4375|430.4125|439.4375|430.4125|445.925|445.725|449.4875|147.4875|147.4125|445.7125|449.125|446.325|449.8375","Off","Off","","","Off","","","Selected","0.5","0.5","0.1","0.1"
"33","PNW 1","PNW 1 ARA|PNW 1 BCA|PNW 1 BCB|PNW 1 BCP|PNW 1 BCS|PNW 1 BCW|PNW 1 BEU|PNW 1 BEV|PNW 1 BIJ|PNW 1 BOG|PNW 1 BPC|PNW 1 BSQ|PNW 1 BVC|PNW 1 BVV|PNW 1 CAH|PNW 1 CDA|PNW 1 CDM|PNW 1 CHB|PNW 1 CMU|PNW 1 COL|PNW 1 DCV|PNW 1 ELU|PNW 1 ELV|PNW 1 EPB|PNW 1 GRH|PNW 1 HIS|PNW 1 HOB|PNW 1 IST|PNW 1 LEW|PNW 1 MAZ|PNW 1 MHG|PNW 1 MMB|PNW 1 MMD|PNW 1 MMO|PNW 1 MMR|PNW 1 MMS|PNW 1 MMT|PNW 1 MMW|PNW 1 MOF|PNW 1 NBV|PNW 1 NEM|PNW 1 NMR|PNW 1 OCS|PNW 1 OLC|PNW 1 POG|PNW 1 POM|PNW 1 POP|PNW 1 POS|PNW 1 PRT|PNW 1 PUW","147.4125|443.85|443.85|444.25|443.4|444.6|440.925|146.5|443.325|443.375|444.1125|443.85|441.2875|147.02|443.325|440.925|146.45|146.5|440.9625|443.1|442.8875|440.925|147.4125|147.4125|443.075|440.8125|443.075|442.025|442.1|145.21|444.15|430.4125|430.4375|430.4125|430.4375|430.4125|430.4375|430.4125|440.925|440.725|444.4875|146.4875|146.4125|440.7125|444.125|441.325|444.8375|440.5125|441.25|440.7","146.4125|448.85|448.85|449.25|448.4|449.6|445.925|147.5|448.325|448.375|449.1125|448.85|446.2875|147.62|448.325|445.925|147.45|147.5|445.9625|448.1|447.8875|445.925|146.4125|146.4125|448.075|445.8125|448.075|447.025|447.1|147.99|449.15|430.4125|439.4375|430.4125|439.4375|430.4125|439.4375|430.4125|445.925|445.725|449.4875|147.4875|147.4125|445.7125|449.125|446.325|449.8375|445.5125|446.25|445.7","Off","Off","","","Off","","","Selected","0.5","0.5","0.1","0.1"
"34","PNW 2","PNW 2 ARA|PNW 2 BCA|PNW 2 BCB|PNW 2 BCP|PNW 2 BCS|PNW 2 BCW|PNW 2 BEU|PNW 2 BEV|PNW 2 BIJ|PNW 2 BOG|PNW 2 BPC|PNW 2 BSQ|PNW 2 BVC|PNW 2 BVV|PNW 2 CAH|PNW 2 CDA|PNW 2 CDM|PNW 2 CHB|PNW 2 CMU|PNW 2 COL|PNW 2 DCV|PNW 2 ELU|PNW 2 ELV|PNW 2 EPB|PNW 2 GRH|PNW 2 HIS|PNW 2 HOB|PNW 2 IST|PNW 2 KEC|PNW 2 LEW|PNW 2 LVR|PNW 2 MAZ|PNW 2 MHG|PNW 2 MMB|PNW 2 MMD|PNW 2 MMR|PNW 2 MMS|PNW 2 MMT|PNW 2 MMW|PNW 2 MOF|PNW 2 NBV|PNW 2 NEM|PNW 2 NMR|PNW 2 OCS|PNW 2 OLC|PNW 2 POG|PNW 2 POM|PNW 2 POP|PNW 2 POS|PNW 2 PRT","147.4125|443.85|443.85|444.25|443.4|444.6|440.925|146.5|443.325|443.375|444.1125|443.85|441.2875|147.02|443.325|440.925|146.45|146.5|440.9625|443.1|442.8875|440.925|147.4125|147.4125|443.075|440.8125|443.075|442.025|444.7125|442.1|441.7|145.21|444.15|430.4125|430.4375|430.4375|430.4125|430.4375|430.4125|440.925|440.725|444.4875|146.4875|146.4125|440.7125|444.125|441.325|444.8375|440.5125|441.25","146.4125|448.85|448.85|449.25|448.4|449.6|445.925|147.5|448.325|448.375|449.1125|448.85|446.2875|147.62|448.325|445.925|147.45|147.5|445.9625|448.1|447.8875|445.925|146.4125|146.4125|448.075|445.8125|448.075|447.025|449.7125|447.1|446.7|147.99|449.15|430.4125|439.4375|439.4375|430.4125|439.4375|430.4125|445.925|445.725|449.4875|147.4875|147.4125|445.7125|449.125|446.325|449.8375|445.5125|446.25","Off","Off","","","Off","","","Selected","0.5","0.5","0.1","0.1"
"35","PNW Rgnl 2","PNW Rgnl 2 ARA|PNW Rgnl 2 BCA|PNW Rgnl 2 BCB|PNW Rgnl 2 BCP|PNW Rgnl 2 BCS|PNW Rgnl 2 BCW|PNW Rgnl 2 BEU|PNW Rgnl 2 BEV|PNW Rgnl 2 BIJ|PNW Rgnl 2 BOG|PNW Rgnl 2 BPC|PNW Rgnl 2 BSQ|PNW Rgnl 2 BVC|PNW Rgnl 2 BVV|PNW Rgnl 2 CAH|PNW Rgnl 2 CDA|PNW Rgnl 2 CDM|PNW Rgnl 2 CHB|PNW Rgnl 2 CMU|PNW Rgnl 2 COL|PNW Rgnl 2 DCV|PNW Rgnl 2 ELU|PNW Rgnl 2 ELV|PNW Rgnl 2 EPB|PNW Rgnl 2 GRH|PNW Rgnl 2 HIS|PNW Rgnl 2 HOB|PNW Rgnl 2 IST|PNW Rgnl 2 KEC|PNW Rgnl 2 LEW|PNW Rgnl 2 LVR|PNW Rgnl 2 MAZ|PNW Rgnl 2 MHG|PNW Rgnl 2 MMB|PNW Rgnl 2 MMD|PNW Rgnl 2 MMO|PNW Rgnl 2 MMP|PNW Rgnl 2 MMR|PNW Rgnl 2 MMS|PNW Rgnl 2 MMT|PNW Rgnl 2 MMW|PNW Rgnl 2 MOF|PNW Rgnl 2 NBV|PNW Rgnl 2 NEM|PNW Rgnl 2 NMR|PNW Rgnl 2 OCS|PNW Rgnl 2 OLC|PNW Rgnl 2 POG|PNW Rgnl 2 POM|PNW Rgnl 2 POP","147.4125|443.85|443.85|444.25|443.4|444.6|440.925|146.5|443.325|443.375|444.1125|443.85|441.2875|147.02|443.325|440.925|146.45|146.5|440.9625|443.1|442.8875|440.925|147.4125|147.4125|443.075|440.8125|443.075|442.025|444.7125|442.1|441.7|145.21|444.15|430.4125|430.4375|430.4125|430.4125|430.4375|430.4125|430.4375|430.4125|440.925|440.725|444.4875|146.4875|146.4125|440.7125|444.125|441.325|444.8375","146.4125|448.85|448.85|449.25|448.4|449.6|445.925|147.5|448.325|448.375|449.1125|448.85|446.2875|147.62|448.325|445.925|147.45|147.5|445.9625|448.1|447.8875|445.925|146.4125|146.4125|448.075|445.8125|448.075|447.025|449.7125|447.1|446.7|147.99|449.15|430.4125|439.4375|430.4125|430.4125|439.4375|430.4125|439.4375|430.4125|445.925|445.725|449.4875|147.4875|147.4125|445.7125|449.125|446.325|449.8375","Off","Off","","","Off","","","Selected","0.5","0.5","0.1","0.1"
"36","RACOM ARC 2","RACOM ARC 2 CDA|RACOM ARC 2 EPB|RACOM ARC 2 MAZ|RACOM ARC 2 MOF|RACOM ARC 2 NMR|RACOM ARC 2 SKU|RACOM ARC 2 SKV|RACOM ARC 2 SPL|RACOM ARC 2 SRu|RACOM ARC 2 SRv|RACOM ARC 2 TRU|RACOM ARC 2 TRV|RACOM ARC 2 WRL|RACOM ARC 2 YAK","440.925|147.4125|145.21|440.925|146.4875|444.125|147.4125|444.15|440.7875|147.4625|440.7375|146.425|145.125|147.12","445.925|146.4125|147.99|445.925|147.4875|449.125|146.4125|449.15|445.7875|146.4625|445.7375|147.425|147.925|147.72","Off","Off","","","Off","","","Selected","0.5","0.5","0.1","0.1"
"37","Reddit","Reddit PIS","439.755","434.755","Off","Off","","","Off","","","Selected","0.5","0.5","0.1","0.1"
"38","SAR-WV 2","SAR-WV 2 DCV|SAR-WV 2 NEM|SAR-WV 2 SLP|SAR-WV 2 SPH","442.8875|444.4875|145.35|441.275","447.8875|449.4875|144.75|446.275","Off","Off","","","Off","","","Selected","0.5","0.5","0.1","0.1"
"39","Sea/Analog UHF","440.1000 K7SLB|440.5250 W7ACS|440.6500 K7CH|441.8000 W7AW|442.8750 WA7UHF|442.9000 WA7LZO|443.0000 WA7ACS|443.4750 WA7ACS|443.5000 W7VMI|443.5500 W7SRZ|443.6500 W7ACS|443.7750 KG7CM|444.2250 KC7LFW|444.3750 AJ7JA|444.4250 WW7SEA|444.5500 WW7SEA|444.7000 WW7SEA|444.7750 K7IDS|444.8250 W7SRZ|GMRS 1|GMRS 2|GMRS 4|GMRS 6","440.1|440.525|440.65|441.8|442.875|442.9|443|443.475|443.5|443.55|443.65|443.775|444.225|444.375|444.425|444.55|444.7|444.775|444.825|462.55|462.575|462.625|462.675","445.1|445.525|445.65|446.8|447.875|447.9|448|448.475|448.5|448.55|448.65|448.775|449.225|449.375|449.425|449.55|449.7|449.775|449.825|467.55|467.575|467.625|467.675","Off","Off","","","Off","","","Selected","0.5","0.5","0.1","0.1"
"40","Sea/Analog VHF","145.1100 KC7SAR|145.2100 W7DK|145.3100 KC7IYE|145.3300 K7NWS|145.3500 W7ZLJ|145.4700 K7CPR|145.4900 K7LWH|146.6200 WW7RA|146.6600 NC7GT|146.7800 N7EBB|146.8200 K7LED|146.9000 W7SRZ|146.9200 WB7VYA|146.9600 WW7PSR|147.0000 W7DX|147.1600 W7MIR|147.4375 KF7VUR","145.11|145.21|145.31|145.33|145.35|145.47|145.49|146.62|146.66|146.78|146.82|146.9|146.92|146.96|147|147.16|147.4375","144.51|144.61|144.71|144.73|144.75|144.87|144.89|146.02|146.06|146.18|146.22|146.3|146.32|146.36|146.4|147.76|146.4375","Off","Off","","","Off","","","Selected","0.5","0.5","0.1","0.1"
"41","SeaPac/PNW Demo","145.45 FM Prt|145.49 FM Rpt|FM 146.52|FM 223.5 (maybe)|FM 446.000","145.45|145.49|146.52|223.5|446","144.85|144.89|146.52|223.5|446","Off","Off","","","Off","","","Selected","0.5","0.5","0.1","0.1"
"42","Simplex","FM 146.52|FM 223.50|FM 446.00|Rpt U09 430.4375|Rpt U10  430.450|Rpt U11 430.4625|Rpt U12  430.475|Sim U01  441.000|Sim U02  446.5|Sim U03  446.075|Sim U04  433.45|Sim U05  4304125|Sim U06  4394125|Sim U07  430.425|Sim U08  439.425|Sim V01  145.790|Sim V02  145.510","146.52|223.5|446|430.4375|430.45|430.4625|430.475|441|446.5|446.075|433.45|430.4125|439.4125|430.425|439.425|145.79|145.51","146.52|223.5|446|439.4375|439.45|439.4625|439.475|441|446.5|446.075|433.45|430.4125|439.4125|430.425|439.425|145.79|145.51","Off","Off","","","Off","","","Selected","0.5","0.5","0.1","0.1"
"43","SNARS 1-2","SNARS 1-2 BVC|SNARS 1-2 CDA|SNARS 1-2 DCV|SNARS 1-2 ELV|SNARS 1-2 NEM|SNARS 1-2 SKV|SNARS 1-2 SPH|SNARS 1-2 TAR|SNARS 1-2 TBU","441.2875|440.925|442.8875|147.4125|444.4875|147.4125|441.275|440.725|441.35","446.2875|445.925|447.8875|146.4125|449.4875|146.4125|446.275|445.725|446.35","Off","Off","","","Off","","","Selected","0.5","0.5","0.1","0.1"
"44","SoCal 2","SoCal 2 BIJ|SoCal 2 BOG|SoCal 2 CAH|SoCal 2 CHB|SoCal 2 COL|SoCal 2 GRH|SoCal 2 HIS|SoCal 2 HOB|SoCal 2 MHG|SoCal 2 POM|SoCal 2 POS|SoCal 2 TB2|SoCal 2 TFM|SoCal 2 THS","443.325|443.375|443.325|146.5|443.1|443.075|440.8125|443.075|444.15|441.325|440.5125|223.8|443.25|443.1","448.325|448.375|448.325|147.5|448.1|448.075|445.8125|448.075|449.15|446.325|445.5125|222.2|448.25|448.1","Off","Off","","","Off","","","Selected","0.5","0.5","0.1","0.1"
"45","SOTA","SOTA PIS","439.755","434.755","Off","Off","","","Off","","","Selected","0.5","0.5","0.1","0.1"
"46","TAC 1-2","TAC 1-2 ARA|TAC 1-2 BEU|TAC 1-2 BEV|TAC 1-2 BIJ|TAC 1-2 BOG|TAC 1-2 BPC|TAC 1-2 BVC|TAC 1-2 BVV|TAC 1-2 CAH|TAC 1-2 CDA|TAC 1-2 CDM|TAC 1-2 CHB|TAC 1-2 CMU|TAC 1-2 COL|TAC 1-2 DCV|TAC 1-2 ELU|TAC 1-2 ELV|TAC 1-2 EPB|TAC 1-2 GRH|TAC 1-2 HIS|TAC 1-2 HOB|TAC 1-2 IST|TAC 1-2 KEC|TAC 1-2 LEW|TAC 1-2 LVR|TAC 1-2 MAZ|TAC 1-2 MHG|TAC 1-2 MMB|TAC 1-2 MMD|TAC 1-2 MMO|TAC 1-2 MMP|TAC 1-2 MMR|TAC 1-2 MMS|TAC 1-2 MMT|TAC 1-2 MMW|TAC 1-2 MOF|TAC 1-2 NBV|TAC 1-2 NEM|TAC 1-2 NMR|TAC 1-2 OCS|TAC 1-2 OLC|TAC 1-2 POG|TAC 1-2 POM|TAC 1-2 POP|TAC 1-2 POS|TAC 1-2 PRT|TAC 1-2 PUW|TAC 1-2 SAI|TAC 1-2 SEM|TAC 1-2 SHL","147.4125|440.925|146.5|443.325|443.375|444.1125|441.2875|147.02|443.325|440.925|146.45|146.5|440.9625|443.1|442.8875|440.925|147.4125|147.4125|443.075|440.8125|443.075|442.025|444.7125|442.1|441.7|145.21|444.15|430.4125|430.4375|430.4125|430.4125|430.4375|430.4125|430.4375|430.4125|440.925|440.725|444.4875|146.4875|146.4125|440.7125|444.125|441.325|444.8375|440.5125|441.25|440.7|443.75|441.325|147.02","146.4125|445.925|147.5|448.325|448.375|449.1125|446.2875|147.62|448.325|445.925|147.45|147.5|445.9625|448.1|447.8875|445.925|146.4125|146.4125|448.075|445.8125|448.075|447.025|449.7125|447.1|446.7|147.99|449.15|430.4125|439.4375|430.4125|430.4125|439.4375|430.4125|439.4375|430.4125|445.925|445.725|449.4875|147.4875|147.4125|445.7125|449.125|446.325|449.8375|445.5125|446.25|445.7|448.75|446.325|147.62","Off","Off","","","Off","","","Selected","0.5","0.5","0.1","0.1"
"47","TAC 2-2","TAC 2-2 ARA|TAC 2-2 BEU|TAC 2-2 BEV|TAC 2-2 BIJ|TAC 2-2 BOG|TAC 2-2 BVC|TAC 2-2 BVV|TAC 2-2 CAH|TAC 2-2 CDA|TAC 2-2 CDM|TAC 2-2 CHB|TAC 2-2 CMU|TAC 2-2 COL|TAC 2-2 DCV|TAC 2-2 ELU|TAC 2-2 ELV|TAC 2-2 EPB|TAC 2-2 GRH|TAC 2-2 HIS|TAC 2-2 HOB|TAC 2-2 IST|TAC 2-2 KEC|TAC 2-2 LEW|TAC 2-2 LVR|TAC 2-2 MAZ|TAC 2-2 MHG|TAC 2-2 MMB|TAC 2-2 MMD|TAC 2-2 MMO|TAC 2-2 MMP|TAC 2-2 MMR|TAC 2-2 MMS|TAC 2-2 MMW|TAC 2-2 MOF|TAC 2-2 NBV|TAC 2-2 NEM|TAC 2-2 NMR|TAC 2-2 OCS|TAC 2-2 OLC|TAC 2-2 POG|TAC 2-2 POM|TAC 2-2 POS|TAC 2-2 PUW|TAC 2-2 SAI|TAC 2-2 SEM|TAC 2-2 SHL|TAC 2-2 SHR|TAC 2-2 SKU|TAC 2-2 SKV|TAC 2-2 SLP","147.4125|440.925|146.5|443.325|443.375|441.2875|147.02|443.325|440.925|146.45|146.5|440.9625|443.1|442.8875|440.925|147.4125|147.4125|443.075|440.8125|443.075|442.025|444.7125|442.1|441.7|145.21|444.15|430.4125|430.4375|430.4125|430.4125|430.4375|430.4125|430.4125|440.925|440.725|444.4875|146.4875|146.4125|440.7125|444.125|441.325|440.5125|440.7|443.75|441.325|147.02|440.125|444.125|147.4125|145.35","146.4125|445.925|147.5|448.325|448.375|446.2875|147.62|448.325|445.925|147.45|147.5|445.9625|448.1|447.8875|445.925|146.4125|146.4125|448.075|445.8125|448.075|447.025|449.7125|447.1|446.7|147.99|449.15|430.4125|439.4375|430.4125|430.4125|439.4375|430.4125|430.4125|445.925|445.725|449.4875|147.4875|147.4125|445.7125|449.125|446.325|445.5125|445.7|448.75|446.325|147.62|445.125|449.125|146.4125|144.75","Off","Off","","","Off","","","Selected","0.5","0.5","0.1","0.1"
"48","TAC 3-2","TAC 3-2 ARA|TAC 3-2 BEU|TAC 3-2 BEV|TAC 3-2 BIJ|TAC 3-2 BOG|TAC 3-2 BVV|TAC 3-2 CDA|TAC 3-2 CDM|TAC 3-2 CHB|TAC 3-2 CMU|TAC 3-2 COL|TAC 3-2 DCV|TAC 3-2 ELU|TAC 3-2 ELV|TAC 3-2 GRH|TAC 3-2 HIS|TAC 3-2 HOB|TAC 3-2 IST|TAC 3-2 KEC|TAC 3-2 LEW|TAC 3-2 LVR|TAC 3-2 MAZ|TAC 3-2 MHG|TAC 3-2 MMD|TAC 3-2 MMR|TAC 3-2 MOF|TAC 3-2 NBV|TAC 3-2 NEM|TAC 3-2 NMR|TAC 3-2 OCS|TAC 3-2 POG|TAC 3-2 POM|TAC 3-2 POS|TAC 3-2 PUW|TAC 3-2 SAI|TAC 3-2 SEM|TAC 3-2 SHL|TAC 3-2 SHR|TAC 3-2 SKU|TAC 3-2 SKV|TAC 3-2 SLP|TAC 3-2 SPH|TAC 3-2 SPL|TAC 3-2 SRu|TAC 3-2 SRv|TAC 3-2 TAR|TAC 3-2 TB2|TAC 3-2 TBV|TAC 3-2 TFM|TAC 3-2 THS","147.4125|440.925|146.5|443.325|443.375|147.02|440.925|146.45|146.5|440.9625|443.1|442.8875|440.925|147.4125|443.075|440.8125|443.075|442.025|444.7125|442.1|441.7|145.21|444.15|430.4375|430.4375|440.925|440.725|444.4875|146.4875|146.4125|444.125|441.325|440.5125|440.7|443.75|441.325|147.02|440.125|444.125|147.4125|145.35|441.275|444.15|440.7875|147.4625|440.725|223.8|146.4375|443.25|443.1","146.4125|445.925|147.5|448.325|448.375|147.62|445.925|147.45|147.5|445.9625|448.1|447.8875|445.925|146.4125|448.075|445.8125|448.075|447.025|449.7125|447.1|446.7|147.99|449.15|439.4375|439.4375|445.925|445.725|449.4875|147.4875|147.4125|449.125|446.325|445.5125|445.7|448.75|446.325|147.62|445.125|449.125|146.4125|144.75|446.275|449.15|445.7875|146.4625|445.725|222.2|147.4375|448.25|448.1","Off","Off","","","Off","","","Selected","0.5","0.5","0.1","0.1"
"49","TAC 310-2","TAC 310-2 ARA|TAC 310-2 BCA|TAC 310-2 BCB|TAC 310-2 BCP|TAC 310-2 BCS|TAC 310-2 BCW|TAC 310-2 BEU|TAC 310-2 BEV|TAC 310-2 BIJ|TAC 310-2 BOG|TAC 310-2 BSQ|TAC 310-2 BVC|TAC 310-2 BVV|TAC 310-2 CAH|TAC 310-2 CDA|TAC 310-2 CHB|TAC 310-2 CMU|TAC 310-2 COL|TAC 310-2 DCV|TAC 310-2 ELU|TAC 310-2 ELV|TAC 310-2 EPB|TAC 310-2 GRH|TAC 310-2 HIS|TAC 310-2 HOB|TAC 310-2 IST|TAC 310-2 KEC|TAC 310-2 LEW|TAC 310-2 LVR|TAC 310-2 MHG|TAC 310-2 MMW|TAC 310-2 MOF|TAC 310-2 NBV|TAC 310-2 NEM|TAC 310-2 NMR|TAC 310-2 OCS|TAC 310-2 OLC|TAC 310-2 POG|TAC 310-2 POM|TAC 310-2 POS|TAC 310-2 PRT|TAC 310-2 PUW|TAC 310-2 SAI|TAC 310-2 SHL|TAC 310-2 SKU|TAC 310-2 SKV|TAC 310-2 SPH|TAC 310-2 SPL|TAC 310-2 SRu|TAC 310-2 SRv","147.4125|443.85|443.85|444.25|443.4|444.6|440.925|146.5|443.325|443.375|443.85|441.2875|147.02|443.325|440.925|146.5|440.9625|443.1|442.8875|440.925|147.4125|147.4125|443.075|440.8125|443.075|442.025|444.7125|442.1|441.7|444.15|430.4125|440.925|440.725|444.4875|146.4875|146.4125|440.7125|444.125|441.325|440.5125|441.25|440.7|443.75|147.02|444.125|147.4125|441.275|444.15|440.7875|147.4625","146.4125|448.85|448.85|449.25|448.4|449.6|445.925|147.5|448.325|448.375|448.85|446.2875|147.62|448.325|445.925|147.5|445.9625|448.1|447.8875|445.925|146.4125|146.4125|448.075|445.8125|448.075|447.025|449.7125|447.1|446.7|449.15|430.4125|445.925|445.725|449.4875|147.4875|147.4125|445.7125|449.125|446.325|445.5125|446.25|445.7|448.75|147.62|449.125|146.4125|446.275|449.15|445.7875|146.4625","Off","Off","","","Off","","","Selected","0.5","0.5","0.1","0.1"
"50","TAC 311-2","TAC 311-2 ARA|TAC 311-2 BEU|TAC 311-2 BEV|TAC 311-2 BIJ|TAC 311-2 BOG|TAC 311-2 BVC|TAC 311-2 BVV|TAC 311-2 CAH|TAC 311-2 CDA|TAC 311-2 CMU|TAC 311-2 COL|TAC 311-2 ELU|TAC 311-2 ELV|TAC 311-2 EPB|TAC 311-2 GRH|TAC 311-2 HIS|TAC 311-2 HOB|TAC 311-2 IST|TAC 311-2 KEC|TAC 311-2 LEW|TAC 311-2 LVR|TAC 311-2 MAZ|TAC 311-2 MHG|TAC 311-2 NBV|TAC 311-2 OLC|TAC 311-2 POM|TAC 311-2 POS|TAC 311-2 PRT|TAC 311-2 PUW|TAC 311-2 SAI|TAC 311-2 SKU|TAC 311-2 SKV|TAC 311-2 SPL|TAC 311-2 SRu|TAC 311-2 TAR|TAC 311-2 TBU|TAC 311-2 TFM|TAC 311-2 THS|TAC 311-2 WHI","147.4125|440.925|146.5|443.325|443.375|441.2875|147.02|443.325|440.925|440.9625|443.1|440.925|147.4125|147.4125|443.075|440.8125|443.075|442.025|444.7125|442.1|441.7|145.21|444.15|440.725|440.7125|441.325|440.5125|441.25|440.7|443.75|444.125|147.4125|444.15|440.7875|440.725|441.35|443.25|443.1|440.7","146.4125|445.925|147.5|448.325|448.375|446.2875|147.62|448.325|445.925|445.9625|448.1|445.925|146.4125|146.4125|448.075|445.8125|448.075|447.025|449.7125|447.1|446.7|147.99|449.15|445.725|445.7125|446.325|445.5125|446.25|445.7|448.75|449.125|146.4125|449.15|445.7875|445.725|446.35|448.25|448.1|445.7","Off","Off","","","Off","","","Selected","0.5","0.5","0.1","0.1"
"51","TAC 312-2","TAC 312-2 ARA|TAC 312-2 BEV|TAC 312-2 BIJ|TAC 312-2 BOG|TAC 312-2 BVC|TAC 312-2 BVV|TAC 312-2 CAH|TAC 312-2 CDA|TAC 312-2 CMU|TAC 312-2 COL|TAC 312-2 ELU|TAC 312-2 ELV|TAC 312-2 GRH|TAC 312-2 HIS|TAC 312-2 HOB|TAC 312-2 IST|TAC 312-2 KEC|TAC 312-2 LEW|TAC 312-2 LVR|TAC 312-2 MHG|TAC 312-2 NBV|TAC 312-2 OLC|TAC 312-2 POM|TAC 312-2 POS|TAC 312-2 PRT|TAC 312-2 SAI|TAC 312-2 SKU|TAC 312-2 SKV|TAC 312-2 SPL|TAC 312-2 SRu|TAC 312-2 TAR|TAC 312-2 TBU|TAC 312-2 TBV|TAC 312-2 TFM|TAC 312-2 THS|TAC 312-2 WHI","147.4125|146.5|443.325|443.375|441.2875|147.02|443.325|440.925|440.9625|443.1|440.925|147.4125|443.075|440.8125|443.075|442.025|444.7125|442.1|441.7|444.15|440.725|440.7125|441.325|440.5125|441.25|443.75|444.125|147.4125|444.15|440.7875|440.725|441.35|146.4375|443.25|443.1|440.7","146.4125|147.5|448.325|448.375|446.2875|147.62|448.325|445.925|445.9625|448.1|445.925|146.4125|448.075|445.8125|448.075|447.025|449.7125|447.1|446.7|449.15|445.725|445.7125|446.325|445.5125|446.25|448.75|449.125|146.4125|449.15|445.7875|445.725|446.35|147.4375|448.25|448.1|445.7","Off","Off","","","Off","","","Selected","0.5","0.5","0.1","0.1"
"52","USA 2","USA 2 ARA|USA 2 BEU|USA 2 BEV|USA 2 BIJ|USA 2 BOG|USA 2 BVC|USA 2 BVV|USA 2 CAH|USA 2 CDA|USA 2 CDM|USA 2 CHB|USA 2 CMU|USA 2 COL|USA 2 DCV|USA 2 ELU|USA 2 ELV|USA 2 EPB|USA 2 GRH|USA 2 HIS|USA 2 HOB|USA 2 IST|USA 2 KEC|USA 2 LEW|USA 2 LVR|USA 2 MAZ|USA 2 MHG|USA 2 MMD|USA 2 MOF|USA 2 NBV|USA 2 NEM|USA 2 NMR|USA 2 OCS|USA 2 OLC|USA 2 POG|USA 2 POM|USA 2 POS|USA 2 PUW|USA 2 SAI|USA 2 SEM|USA 2 SHL|USA 2 SHR|USA 2 SKU|USA 2 SKV|USA 2 SLP|USA 2 SPH|USA 2 SPL|USA 2 SRu|USA 2 SRv|USA 2 TAR|USA 2 TB2","147.4125|440.925|146.5|443.325|443.375|441.2875|147.02|443.325|440.925|146.45|146.5|440.9625|443.1|442.8875|440.925|147.4125|147.4125|443.075|440.8125|443.075|442.025|444.7125|442.1|441.7|145.21|444.15|430.4375|440.925|440.725|444.4875|146.4875|146.4125|440.7125|444.125|441.325|440.5125|440.7|443.75|441.325|147.02|440.125|444.125|147.4125|145.35|441.275|444.15|440.7875|147.4625|440.725|223.8","146.4125|445.925|147.5|448.325|448.375|446.2875|147.62|448.325|445.925|147.45|147.5|445.9625|448.1|447.8875|445.925|146.4125|146.4125|448.075|445.8125|448.075|447.025|449.7125|447.1|446.7|147.99|449.15|439.4375|445.925|445.725|449.4875|147.4875|147.4125|445.7125|449.125|446.325|445.5125|445.7|448.75|446.325|147.62|445.125|449.125|146.4125|144.75|446.275|449.15|445.7875|146.4625|445.725|222.2","Off","Off","","","Off","","","Selected","0.5","0.5","0.1","0.1"
"53","Utah 2","Utah 2 BIJ|Utah 2 BOG|Utah 2 CAH|Utah 2 CDM|Utah 2 COL|Utah 2 DCV|Utah 2 GRH|Utah 2 HIS|Utah 2 HOB|Utah 2 LEW|Utah 2 MAZ|Utah 2 MHG|Utah 2 MMB|Utah 2 MMD|Utah 2 MMT|Utah 2 NEM|Utah 2 NMR|Utah 2 OCS|Utah 2 POG|Utah 2 POM|Utah 2 POS|Utah 2 PUW|Utah 2 SAI|Utah 2 SHR|Utah 2 SKU|Utah 2 SKV|Utah 2 SLP|Utah 2 SPH|Utah 2 SRv|Utah 2 TB2|Utah 2 TFM|Utah 2 THS|Utah 2 TRU|Utah 2 WEN|Utah 2 WRL","443.325|443.375|443.325|146.45|443.1|442.8875|443.075|440.8125|443.075|442.1|145.21|444.15|430.4125|430.4375|430.4375|444.4875|146.4875|146.4125|444.125|441.325|440.5125|440.7|443.75|440.125|444.125|147.4125|145.35|441.275|147.4625|223.8|443.25|443.1|440.7375|443.75|145.125","448.325|448.375|448.325|147.45|448.1|447.8875|448.075|445.8125|448.075|447.1|147.99|449.15|430.4125|439.4375|439.4375|449.4875|147.4875|147.4125|449.125|446.325|445.5125|445.7|448.75|445.125|449.125|146.4125|144.75|446.275|146.4625|222.2|448.25|448.1|445.7375|448.75|147.925","Off","Off","","","Off","","","Selected","0.5","0.5","0.1","0.1"
"54","Washington 1","Washington 1 ARA|Washington 1 BCA|Washington 1 BCB|Washington 1 BCP|Washington 1 BCS|Washington 1 BCW|Washington 1 BEU|Washington 1 BEV|Washington 1 BIJ|Washington 1 BOG|Washington 1 BPC|Washington 1 BSQ|Washington 1 BVC|Washington 1 BVV|Washington 1 CAH|Washington 1 CDA|Washington 1 CDM|Washington 1 CHB|Washington 1 CMU|Washington 1 COL|Washington 1 DCV|Washington 1 ELU|Washington 1 ELV|Washington 1 EPB|Washington 1 GRH|Washington 1 HIS|Washington 1 HOB|Washington 1 IST|Washington 1 KEC|Washington 1 LEW|Washington 1 LVR|Washington 1 MAZ|Washington 1 MHG|Washington 1 MMB|Washington 1 MMD|Washington 1 MMO|Washington 1 MMP|Washington 1 MMR|Washington 1 MMS|Washington 1 MMT|Washington 1 MMW|Washington 1 MOF|Washington 1 NBV|Washington 1 NEM|Washington 1 NMR|Washington 1 OCS|Washington 1 OLC|Washington 1 PIS|Washington 1 POG|Washington 1 POM","147.4125|443.85|443.85|444.25|443.4|444.6|440.925|146.5|443.325|443.375|444.1125|443.85|441.2875|147.02|443.325|440.925|146.45|146.5|440.9625|443.1|442.8875|440.925|147.4125|147.4125|443.075|440.8125|443.075|442.025|444.7125|442.1|441.7|145.21|444.15|430.4125|430.4375|430.4125|430.4125|430.4375|430.4125|430.4375|430.4125|440.925|440.725|444.4875|146.4875|146.4125|440.7125|439.755|444.125|441.325","146.4125|448.85|448.85|449.25|448.4|449.6|445.925|147.5|448.325|448.375|449.1125|448.85|446.2875|147.62|448.325|445.925|147.45|147.5|445.9625|448.1|447.8875|445.925|146.4125|146.4125|448.075|445.8125|448.075|447.025|449.7125|447.1|446.7|147.99|449.15|430.4125|439.4375|430.4125|430.4125|439.4375|430.4125|439.4375|430.4125|445.925|445.725|449.4875|147.4875|147.4125|445.7125|434.755|449.125|446.325","Off","Off","","","Off","","","Selected","0.5","0.5","0.1","0.1"
"55","Washington 2","Washington 2 ARA|Washington 2 BCA|Washington 2 BCB|Washington 2 BCP|Washington 2 BCS|Washington 2 BCW|Washington 2 BEU|Washington 2 BEV|Washington 2 BIJ|Washington 2 BOG|Washington 2 BPC|Washington 2 BSQ|Washington 2 BVC|Washington 2 BVV|Washington 2 CAH|Washington 2 CDA|Washington 2 CDM|Washington 2 CHB|Washington 2 CMU|Washington 2 COL|Washington 2 DCV|Washington 2 ELU|Washington 2 ELV|Washington 2 EPB|Washington 2 GRH|Washington 2 HIS|Washington 2 HOB|Washington 2 IST|Washington 2 KEC|Washington 2 LEW|Washington 2 LVR|Washington 2 MAZ|Washington 2 MHG|Washington 2 MMB|Washington 2 MMD|Washington 2 MMO|Washington 2 MMR|Washington 2 MMS|Washington 2 MMT|Washington 2 MMW|Washington 2 MOF|Washington 2 NBV|Washington 2 NEM|Washington 2 NMR|Washington 2 OCS|Washington 2 OLC|Washington 2 POG|Washington 2 POM|Washington 2 POP|Washington 2 POS","147.4125|443.85|443.85|444.25|443.4|444.6|440.925|146.5|443.325|443.375|444.1125|443.85|441.2875|147.02|443.325|440.925|146.45|146.5|440.9625|443.1|442.8875|440.925|147.4125|147.4125|443.075|440.8125|443.075|442.025|444.7125|442.1|441.7|145.21|444.15|430.4125|430.4375|430.4125|430.4375|430.4125|430.4375|430.4125|440.925|440.725|444.4875|146.4875|146.4125|440.7125|444.125|441.325|444.8375|440.5125","146.4125|448.85|448.85|449.25|448.4|449.6|445.925|147.5|448.325|448.375|449.1125|448.85|446.2875|147.62|448.325|445.925|147.45|147.5|445.9625|448.1|447.8875|445.925|146.4125|146.4125|448.075|445.8125|448.075|447.025|449.7125|447.1|446.7|147.99|449.15|430.4125|439.4375|430.4125|439.4375|430.4125|439.4375|430.4125|445.925|445.725|449.4875|147.4875|147.4125|445.7125|449.125|446.325|449.8375|445.5125","Off","Off","","","Off","","","Selected","0.5","0.5","0.1","0.1"
"56","World-wide","World-wide PIS","439.755","434.755","Off","Off","","","Off","","","Selected","0.5","0.5","0.1","0.1"
"57","Worldwide 2","Worldwide 2 BCA|Worldwide 2 BCB|Worldwide 2 BCP|Worldwide 2 BCS|Worldwide 2 BCW|Worldwide 2 BIJ|Worldwide 2 BOG|Worldwide 2 BSQ|Worldwide 2 CAH|Worldwide 2 CMU|Worldwide 2 COL|Worldwide 2 ELU|Worldwide 2 ELV|Worldwide 2 EPB|Worldwide 2 GRH|Worldwide 2 HIS|Worldwide 2 HOB|Worldwide 2 MHG|Worldwide 2 MOF|Worldwide 2 POG|Worldwide 2 POM|Worldwide 2 POS|Worldwide 2 PRT|Worldwide 2 SKU|Worldwide 2 SKV|Worldwide 2 SPL|Worldwide 2 TFM|Worldwide 2 THS|Worldwide 2 WEN|Worldwide 2 WRL|Worldwide 2 YAK","443.85|443.85|444.25|443.4|444.6|443.325|443.375|443.85|443.325|440.9625|443.1|440.925|147.4125|147.4125|443.075|440.8125|443.075|444.15|440.925|444.125|441.325|440.5125|441.25|444.125|147.4125|444.15|443.25|443.1|443.75|145.125|147.12","448.85|448.85|449.25|448.4|449.6|448.325|448.375|448.85|448.325|445.9625|448.1|445.925|146.4125|146.4125|448.075|445.8125|448.075|449.15|445.925|449.125|446.325|445.5125|446.25|449.125|146.4125|449.15|448.25|448.1|448.75|147.925|147.72","Off","Off","","","Off","","","Selected","0.5","0.5","0.1","0.1"
"58","WVisayas 5156","WVisayas 5156CDA","440.925","445.925","Off","Off","","","Off","","","Selected","0.5","0.5","0.1","0.1"
"59","WW English 2","WW English 2 BCA|WW English 2 BCB|WW English 2 BCP|WW English 2 BCS|WW English 2 BCW|WW English 2 BSQ|WW English 2 CDA|WW English 2 ELU|WW English 2 ELV|WW English 2 EPB|WW English 2 MAZ|WW English 2 MOF|WW English 2 SKU|WW English 2 SKV|WW English 2 SPL","443.85|443.85|444.25|443.4|444.6|443.85|440.925|440.925|147.4125|147.4125|145.21|440.925|444.125|147.4125|444.15","448.85|448.85|449.25|448.4|449.6|448.85|445.925|445.925|146.4125|146.4125|147.99|445.925|449.125|146.4125|449.15","Off","Off","","","Off","","","Selected","0.5","0.5","0.1","0.1"
"60","WW Maritime","WW Maritime PIS","439.755","434.755","Off","Off","","","Off","","","Selected","0.5","0.5","0.1","0.1"
