"No.","Zone Name","Zone Channel Member","Zone Channel Member RX Frequency","Zone Channel Member TX Frequency","A Channel","A Channel RX Frequency","A Channel TX Frequency","B Channel","B Channel RX Frequency","B Channel TX Frequency"
"1","Ariel/Ariel VHF","ARI Audio Test 2|ARI BC 1|ARI Bridge 2|ARI California 1|ARI Canada 2|ARI Cascad 1|ARI Comm 1|ARI I-5-1|ARI Local 1|ARI Local 2|ARI Montana 2|ARI Net 2|ARI North Am 2|ARI Oregon 1|ARI Parrot 1|ARI PNW 1|ARI PNW 2|ARI PS1-DNU|ARI PS2-DNU|ARI TAC 1-2|ARI TAC 310-2|ARI TAC 311-2|ARI TAC 312-2|ARI TAC 313-2|ARI TAC 314-2|ARI TAC 319-2|ARI USA 2|ARI Wash 1|ARI Wash 2|ARI Worldwide 2","147.4125|147.4125|147.4125|147.4125|147.4125|147.4125|147.4125|147.4125|147.4125|147.4125|147.4125|147.4125|147.4125|147.4125|147.4125|147.4125|147.4125|147.4125|147.4125|147.4125|147.4125|147.4125|147.4125|147.4125|147.4125|147.4125|147.4125|147.4125|147.4125|147.4125","146.4125|146.4125|146.4125|146.4125|146.4125|146.4125|146.4125|146.4125|146.4125|146.4125|146.4125|146.4125|146.4125|146.4125|146.4125|146.4125|146.4125|146.4125|146.4125|146.4125|146.4125|146.4125|146.4125|146.4125|146.4125|146.4125|146.4125|146.4125|146.4125|146.4125","ARI Audio Test 2","147.4125","146.4125","ARI Audio Test 2","147.4125","146.4125"
"2","BC/Ambleside","AMB BC 1|AMB BC 2|AMB BC Loc Net 1|AMB Canada 2|AMB Comm 1|AMB Comm 2|AMB I-5-1|AMB North Am 2|AMB PNW 1|AMB PNW 2|AMB TAC 310-2|AMB TAC Eng 2|AMB Wash 1|AMB Wash 2|AMB Worldwide 2|AMB WW Eng 2","443.85|443.85|443.85|443.85|443.85|443.85|443.85|443.85|443.85|443.85|443.85|443.85|443.85|443.85|443.85|443.85","448.85|448.85|448.85|448.85|448.85|448.85|448.85|448.85|448.85|448.85|448.85|448.85|448.85|448.85|448.85|448.85","AMB BC 1","443.85","448.85","AMB BC 1","443.85","448.85"
"3","BC/Blackcomb Mtn","BLA BC 1|BLA BC 2|BLA BC Loc Net 1|BLA Canada 2|BLA Comm 1|BLA Comm 2|BLA I-5-1|BLA North Am 2|BLA PNW 1|BLA PNW 2|BLA TAC 310-2|BLA TAC Eng 2|BLA Wash 1|BLA Wash 2|BLA Worldwide 2|BLA WW Eng 2","443.85|443.85|443.85|443.85|443.85|443.85|443.85|443.85|443.85|443.85|443.85|443.85|443.85|443.85|443.85|443.85","448.85|448.85|448.85|448.85|448.85|448.85|448.85|448.85|448.85|448.85|448.85|448.85|448.85|448.85|448.85|448.85","BLA BC 1","443.85","448.85","BLA BC 1","443.85","448.85"
"4","BC/Mt. Seymour","SEY BC 1|SEY BC 2|SEY BC Loc Net 1|SEY Canada 2|SEY Comm 1|SEY Comm 2|SEY I-5-1|SEY North Am 2|SEY PNW 1|SEY PNW 2|SEY TAC 310-2|SEY TAC Eng 2|SEY Wash 1|SEY Wash 2|SEY Worldwide 2|SEY WW Eng 2","443.4|443.4|443.4|443.4|443.4|443.4|443.4|443.4|443.4|443.4|443.4|443.4|443.4|443.4|443.4|443.4","448.4|448.4|448.4|448.4|448.4|448.4|448.4|448.4|448.4|448.4|448.4|448.4|448.4|448.4|448.4|448.4","SEY BC 1","443.4","448.4","SEY BC 1","443.4","448.4"
"5","BC/New Westmin","NEW BC 1|NEW BC 2|NEW BC Loc Net 1|NEW Bridge 2|NEW Canada 2|NEW Comm 1|NEW Comm 2|NEW I-5-1|NEW North Am 2|NEW PNW 1|NEW PNW 2|NEW TAC 310-2|NEW TAC Eng 2|NEW Wash 1|NEW Wash 2|NEW Worldwide 2|NEW WW Eng 2","444.6|444.6|444.6|444.6|444.6|444.6|444.6|444.6|444.6|444.6|444.6|444.6|444.6|444.6|444.6|444.6|444.6","449.6|449.6|449.6|449.6|449.6|449.6|449.6|449.6|449.6|449.6|449.6|449.6|449.6|449.6|449.6|449.6|449.6","NEW BC 1","444.6","449.6","NEW BC 1","444.6","449.6"
"6","Bellingham UHF","BEU Audio Test 2|BEU BC 1|BEU Bridge 2|BEU California 1|BEU Canada 2|BEU Cascad 1|BEU Comm 1|BEU I-5-1|BEU Idaho 1|BEU Local 1|BEU Local 2|BEU Montana 2|BEU North Am 2|BEU Oregon 1|BEU Parrot 1|BEU PNW 1|BEU PNW 2|BEU PS1-DNU|BEU PS2-DNU|BEU SNARS 1-2|BEU TAC 1-2|BEU TAC 2-2|BEU TAC 310-2|BEU TAC 311-2|BEU TAC 312-2|BEU TAC 313-2|BEU TAC 314-2|BEU TAC 315-2|BEU TAC 316-2|BEU TAC 317-2|BEU TAC 318-2|BEU TAC 319-2|BEU TAC 3-2|BEU TAC Eng 2|BEU USA 2|BEU Wash 1|BEU Wash 2|BEU Worldwide 2|BEU WW Eng 2","440.925|440.925|440.925|440.925|440.925|440.925|440.925|440.925|440.925|440.925|440.925|440.925|440.925|440.925|440.925|440.925|440.925|440.925|440.925|440.925|440.925|440.925|440.925|440.925|440.925|440.925|440.925|440.925|440.925|440.925|440.925|440.925|440.925|440.925|440.925|440.925|440.925|440.925|440.925","445.925|445.925|445.925|445.925|445.925|445.925|445.925|445.925|445.925|445.925|445.925|445.925|445.925|445.925|445.925|445.925|445.925|445.925|445.925|445.925|445.925|445.925|445.925|445.925|445.925|445.925|445.925|445.925|445.925|445.925|445.925|445.925|445.925|445.925|445.925|445.925|445.925|445.925|445.925","BEU Audio Test 2","440.925","445.925","BEU Audio Test 2","440.925","445.925"
"7","Bellingham VHF","BEV Audio Test 2|BEV BC 1|BEV Bridge 2|BEV California 1|BEV Canada 2|BEV Cascad 1|BEV Comm 1|BEV Hawaii 1-2|BEV I-5-1|BEV Idaho 1|BEV Local 1|BEV Local 2|BEV Montana 2|BEV Net 2|BEV North Am 2|BEV Oregon 1|BEV Parrot 1|BEV PNW 1|BEV PNW 2|BEV PS1-DNU|BEV PS2-DNU|BEV SNARS 1-2|BEV TAC 1-2|BEV TAC 2-2|BEV TAC 310-2|BEV TAC 311-2|BEV TAC 312-2|BEV TAC 313-2|BEV TAC 314-2|BEV TAC 315-2|BEV TAC 316-2|BEV TAC 317-2|BEV TAC 318-2|BEV TAC 319-2|BEV TAC 3-2|BEV TAC Eng 2|BEV USA 2|BEV Wash 1|BEV Wash 2|BEV Worldwide 2|BEV WW Eng 2","146.5|146.5|146.5|146.5|146.5|146.5|146.5|146.5|146.5|146.5|146.5|146.5|146.5|146.5|146.5|146.5|146.5|146.5|146.5|146.5|146.5|146.5|146.5|146.5|146.5|146.5|146.5|146.5|146.5|146.5|146.5|146.5|146.5|146.5|146.5|146.5|146.5|146.5|146.5|146.5|146.5","147.5|147.5|147.5|147.5|147.5|147.5|147.5|147.5|147.5|147.5|147.5|147.5|147.5|147.5|147.5|147.5|147.5|147.5|147.5|147.5|147.5|147.5|147.5|147.5|147.5|147.5|147.5|147.5|147.5|147.5|147.5|147.5|147.5|147.5|147.5|147.5|147.5|147.5|147.5|147.5|147.5","BEV Audio Test 2","146.5","147.5","BEV Audio Test 2","146.5","147.5"
"8","Biggs/Juniper Pt","BJJ ARRG 2|BJJ Audio Test 2|BJJ BayNet 2|BJJ BC 1|BJJ Bridge 2|BJJ California 1|BJJ Cascad 1|BJJ Comm 1|BJJ I-5-1|BJJ I-84-2|BJJ Idaho 1|BJJ Local 1|BJJ Montana 2|BJJ Mountain 2|BJJ MPRG 1-2|BJJ Net 2|BJJ North Am 2|BJJ Oregon 1|BJJ Parrot 1|BJJ PNW 1|BJJ PNW 2|BJJ PNW Reg 2|BJJ SNARS 1-2|BJJ SoCal 2|BJJ TAC 1-2|BJJ TAC 2-2|BJJ TAC 310-2|BJJ TAC 3-2|BJJ USA 2|BJJ Utah 2|BJJ Wash 1|BJJ Wash 2|BJJ Worldwide 2|BJJ WW Eng 2","443.325|443.325|443.325|443.325|443.325|443.325|443.325|443.325|443.325|443.325|443.325|443.325|443.325|443.325|443.325|443.325|443.325|443.325|443.325|443.325|443.325|443.325|443.325|443.325|443.325|443.325|443.325|443.325|443.325|443.325|443.325|443.325|443.325|443.325","448.325|448.325|448.325|448.325|448.325|448.325|448.325|448.325|448.325|448.325|448.325|448.325|448.325|448.325|448.325|448.325|448.325|448.325|448.325|448.325|448.325|448.325|448.325|448.325|448.325|448.325|448.325|448.325|448.325|448.325|448.325|448.325|448.325|448.325","BJJ ARRG 2","443.325","448.325","BJJ ARRG 2","443.325","448.325"
"9","Boistfort/BawFaw","BAW Audio Test 2|BAW BC 1|BAW Bridge 2|BAW California 1|BAW Canada 2|BAW Cascad 1|BAW Comm 1|BAW I-5-1|BAW Local 1|BAW Local 2|BAW Montana 2|BAW Net 2|BAW North Am 2|BAW Oregon 1|BAW Parrot 1|BAW PNW 1|BAW PNW 2|BAW PS1-DNU|BAW PS2-DNU|BAW TAC 1-2|BAW TAC 310-2|BAW TAC 311-2|BAW TAC 312-2|BAW TAC 313-2|BAW TAC 314-2|BAW TAC 319-2|BAW USA 2|BAW Wash 1|BAW Wash 2|BAW Worldwide 2","146.5|146.5|146.5|146.5|146.5|146.5|146.5|146.5|146.5|146.5|146.5|146.5|146.5|146.5|146.5|146.5|146.5|146.5|146.5|146.5|146.5|146.5|146.5|146.5|146.5|146.5|146.5|146.5|146.5|146.5","147.5|147.5|147.5|147.5|147.5|147.5|147.5|147.5|147.5|147.5|147.5|147.5|147.5|147.5|147.5|147.5|147.5|147.5|147.5|147.5|147.5|147.5|147.5|147.5|147.5|147.5|147.5|147.5|147.5|147.5","BAW Audio Test 2","146.5","147.5","BAW Audio Test 2","146.5","147.5"
"10","Bremerton/Gold","BRE Audio Test 2|BRE BC 1|BRE Bridge 2|BRE California 1|BRE Canada 2|BRE Cascad 1|BRE Comm 1|BRE Hawaii 1-2|BRE I-5-1|BRE Local 1|BRE Local 2|BRE Montana 2|BRE Net 2|BRE North Am 2|BRE Oregon 1|BRE Parrot 1|BRE PNW 1|BRE PNW 2|BRE PNW Reg 2|BRE PS1-DNU|BRE PS2-DNU|BRE SNARS 1-2|BRE TAC 1-2|BRE TAC 2-2|BRE TAC 310-2|BRE TAC 311-2|BRE TAC 312-2|BRE TAC 313-2|BRE TAC 314-2|BRE TAC 315-2|BRE TAC 316-2|BRE TAC 317-2|BRE TAC 318-2|BRE TAC 319-2|BRE TAC 3-2|BRE TAC Eng 2|BRE USA 2|BRE Wash 1|BRE Wash 2|BRE Worldwide 2|BRE WW Eng 2","440.7|440.7|440.7|440.7|440.7|440.7|440.7|440.7|440.7|440.7|440.7|440.7|440.7|440.7|440.7|440.7|440.7|440.7|440.7|440.7|440.7|440.7|440.7|440.7|440.7|440.7|440.7|440.7|440.7|440.7|440.7|440.7|440.7|440.7|440.7|440.7|440.7|440.7|440.7|440.7|440.7","445.7|445.7|445.7|445.7|445.7|445.7|445.7|445.7|445.7|445.7|445.7|445.7|445.7|445.7|445.7|445.7|445.7|445.7|445.7|445.7|445.7|445.7|445.7|445.7|445.7|445.7|445.7|445.7|445.7|445.7|445.7|445.7|445.7|445.7|445.7|445.7|445.7|445.7|445.7|445.7|445.7","BRE Audio Test 2","440.7","445.7","BRE Audio Test 2","440.7","445.7"
"11","Chinook/Megler V","CHI Audio Test 2|CHI BC 1|CHI Bridge 2|CHI California 1|CHI Cascad 1|CHI Idaho 1|CHI Local 1|CHI Local 2|CHI Montana 2|CHI Mountain 2|CHI Net 2|CHI North Am 2|CHI Oregon 1|CHI Parrot 1|CHI PNW 1|CHI PNW 2|CHI PNW Reg 2|CHI TAC 1-2|CHI TAC 2-2|CHI TAC 310-2|CHI TAC 311-2|CHI TAC 312-2|CHI TAC 3-2|CHI USA 2|CHI Wash 1|CHI Wash 2|CHI Worldwide 2","147.4375|147.4375|147.4375|147.4375|147.4375|147.4375|147.4375|147.4375|147.4375|147.4375|147.4375|147.4375|147.4375|147.4375|147.4375|147.4375|147.4375|147.4375|147.4375|147.4375|147.4375|147.4375|147.4375|147.4375|147.4375|147.4375|147.4375","146.3375|146.3375|146.3375|146.3375|146.3375|146.3375|146.3375|146.3375|146.3375|146.3375|146.3375|146.3375|146.3375|146.3375|146.3375|146.3375|146.3375|146.3375|146.3375|146.3375|146.3375|146.3375|146.3375|146.3375|146.3375|146.3375|146.3375","CHI Audio Test 2","147.4375","146.3375","CHI Audio Test 2","147.4375","146.3375"
"12","Corbett/Lookout","COR ARRG 2|COR Audio Test 2|COR BayNet 2|COR BC 1|COR Bridge 2|COR California 1|COR Cascad 1|COR Comm 1|COR I-5-1|COR I-84-2|COR Idaho 1|COR Local 1|COR Montana 2|COR Mountain 2|COR MPRG 1-2|COR Net 2|COR North Am 2|COR Oregon 1|COR Parrot 1|COR PNW 1|COR PNW 2|COR PNW Reg 2|COR SNARS 1-2|COR SoCal 2|COR TAC 1-2|COR TAC 2-2|COR TAC 310-2|COR TAC 3-2|COR USA 2|COR Utah 2|COR Wash 1|COR Wash 2|COR Worldwide 2|COR WW Eng 2","444.15|444.15|444.15|444.15|444.15|444.15|444.15|444.15|444.15|444.15|444.15|444.15|444.15|444.15|444.15|444.15|444.15|444.15|444.15|444.15|444.15|444.15|444.15|444.15|444.15|444.15|444.15|444.15|444.15|444.15|444.15|444.15|444.15|444.15","449.15|449.15|449.15|449.15|449.15|449.15|449.15|449.15|449.15|449.15|449.15|449.15|449.15|449.15|449.15|449.15|449.15|449.15|449.15|449.15|449.15|449.15|449.15|449.15|449.15|449.15|449.15|449.15|449.15|449.15|449.15|449.15|449.15|449.15","COR ARRG 2","444.15","449.15","COR ARRG 2","444.15","449.15"
"13","Couer d' Alene","CDA Audio Test 2|CDA Bridge 2|CDA Cascad 1|CDA I-84-2|CDA Idaho 1|CDA Idaho ARES 2|CDA Local 1|CDA Local 2|CDA Montana 2|CDA Mountain 2|CDA MPRG 1-2|CDA Net 2|CDA Oregon 1|CDA Parrot 1|CDA PNW 1|CDA PNW 2|CDA SNARS 1-2|CDA TAC 1-2|CDA TAC 2-2|CDA TAC 310-2|CDA TAC 311-2|CDA TAC 312-2|CDA TAC 313-2|CDA TAC 314-2|CDA TAC 315-2|CDA TAC 316-2|CDA TAC 317-2|CDA TAC 318-2|CDA TAC 319-2|CDA TAC 3-2|CDA Wash 1|CDA Wash 2","440.925|440.925|440.925|440.925|440.925|440.925|440.925|440.925|440.925|440.925|440.925|440.925|440.925|440.925|440.925|440.925|440.925|440.925|440.925|440.925|440.925|440.925|440.925|440.925|440.925|440.925|440.925|440.925|440.925|440.925|440.925|440.925","445.925|445.925|445.925|445.925|445.925|445.925|445.925|445.925|445.925|445.925|445.925|445.925|445.925|445.925|445.925|445.925|445.925|445.925|445.925|445.925|445.925|445.925|445.925|445.925|445.925|445.925|445.925|445.925|445.925|445.925|445.925|445.925","CDA Audio Test 2","440.925","445.925","CDA Audio Test 2","440.925","445.925"
"14","Ellens/SunE UHF","ELU Audio Test 2|ELU BC 1|ELU Bridge 2|ELU California 1|ELU Canada 2|ELU Cascad 1|ELU Comm 1|ELU Idaho 1|ELU Local 1|ELU Local 2|ELU Montana 2|ELU Net 2|ELU North Am 2|ELU Oregon 1|ELU Parrot 1|ELU PNW 1|ELU PNW 2|ELU PNW Reg 2|ELU PS1-DNU|ELU PS2-DNU|ELU TAC 1-2|ELU TAC 2-2|ELU TAC 310-2|ELU TAC 311-2|ELU TAC 312-2|ELU TAC 313-2|ELU TAC 314-2|ELU TAC 315-2|ELU TAC 316-2|ELU TAC 317-2|ELU TAC 318-2|ELU TAC 319-2|ELU TAC 3-2|ELU TAC Eng 2|ELU USA 2|ELU Wash 1|ELU Wash 2|ELU WW Eng 2","440.925|440.925|440.925|440.925|440.925|440.925|440.925|440.925|440.925|440.925|440.925|440.925|440.925|440.925|440.925|440.925|440.925|440.925|440.925|440.925|440.925|440.925|440.925|440.925|440.925|440.925|440.925|440.925|440.925|440.925|440.925|440.925|440.925|440.925|440.925|440.925|440.925|440.925","445.925|445.925|445.925|445.925|445.925|445.925|445.925|445.925|445.925|445.925|445.925|445.925|445.925|445.925|445.925|445.925|445.925|445.925|445.925|445.925|445.925|445.925|445.925|445.925|445.925|445.925|445.925|445.925|445.925|445.925|445.925|445.925|445.925|445.925|445.925|445.925|445.925|445.925","ELU Audio Test 2","440.925","445.925","ELU Audio Test 2","440.925","445.925"
"15","Ellens/SunE VHF","ELV Audio Test 2|ELV BC 1|ELV Bridge 2|ELV California 1|ELV Canada 2|ELV Cascad 1|ELV Idaho 1|ELV Local 1|ELV Local 2|ELV Montana 2|ELV Net 2|ELV North Am 2|ELV Oregon 1|ELV Parrot 1|ELV PNW 1|ELV PNW 2|ELV PNW Reg 2|ELV PS1-DNU|ELV TAC 1-2|ELV TAC 2-2|ELV TAC 310-2|ELV TAC 3-2|ELV USA 2|ELV Wash 1|ELV Wash 2","147.4125|147.4125|147.4125|147.4125|147.4125|147.4125|147.4125|147.4125|147.4125|147.4125|147.4125|147.4125|147.4125|147.4125|147.4125|147.4125|147.4125|147.4125|147.4125|147.4125|147.4125|147.4125|147.4125|147.4125|147.4125","146.4125|146.4125|146.4125|146.4125|146.4125|146.4125|146.4125|146.4125|146.4125|146.4125|146.4125|146.4125|146.4125|146.4125|146.4125|146.4125|146.4125|146.4125|146.4125|146.4125|146.4125|146.4125|146.4125|146.4125|146.4125","ELV Audio Test 2","147.4125","146.4125","ELV Audio Test 2","147.4125","146.4125"
"16","Ephrata/Beasley","EPH Audio Test 2|EPH BC 1|EPH BC 2|EPH California 1|EPH Cascad 1|EPH Comm 1|EPH Idaho 1|EPH PNW Reg 2|EPH TAC 1-2|EPH TAC 2-2|EPH Wash 1","147.4125|147.4125|147.4125|147.4125|147.4125|147.4125|147.4125|147.4125|147.4125|147.4125|147.4125","146.4125|146.4125|146.4125|146.4125|146.4125|146.4125|146.4125|146.4125|146.4125|146.4125|146.4125","EPH Audio Test 2","147.4125","146.4125","EPH Audio Test 2","147.4125","146.4125"
"17","Everson-Mt Sumas","EVE Audio Test 2|EVE BC 1|EVE Bridge 2|EVE California 1|EVE Canada 2|EVE Cascad 1|EVE Comm 1|EVE Hawaii 1-2|EVE I-5-1|EVE Local 1|EVE Local 2|EVE Montana 2|EVE Net 2|EVE North Am 2|EVE Oregon 1|EVE Parrot 1|EVE PNW 2|EVE PNW Reg 2|EVE PS1-DNU|EVE PS2-DNU|EVE TAC 1-2|EVE TAC 2-2|EVE TAC 310-2|EVE TAC 311-2|EVE TAC 313-2|EVE TAC 314-2|EVE TAC 319-2|EVE TAC 3-2|EVE USA 2|EVE Wash 1|EVE Wash 2|EVE Worldwide 2|EVE WW Eng 2","440.375|440.375|440.375|440.375|440.375|440.375|440.375|440.375|440.375|440.375|440.375|440.375|440.375|440.375|440.375|440.375|440.375|440.375|440.375|440.375|440.375|440.375|440.375|440.375|440.375|440.375|440.375|440.375|440.375|440.375|440.375|440.375|440.375","445.375|445.375|445.375|445.375|445.375|445.375|445.375|445.375|445.375|445.375|445.375|445.375|445.375|445.375|445.375|445.375|445.375|445.375|445.375|445.375|445.375|445.375|445.375|445.375|445.375|445.375|445.375|445.375|445.375|445.375|445.375|445.375|445.375","EVE Audio Test 2","440.375","445.375","EVE Audio Test 2","440.375","445.375"
"18","Gresham/Hospital","GRE ARRG 2|GRE BayNet 2|GRE BC 1|GRE Bridge 2|GRE California 1|GRE Cascad 1|GRE Comm 1|GRE I-5-1|GRE I-84-2|GRE Idaho 1|GRE Local 1|GRE Montana 2|GRE Mountain 2|GRE MPRG 1-2|GRE Net 2|GRE North Am 2|GRE Oregon 1|GRE Parrot 1|GRE PNW 1|GRE PNW 2|GRE PNW Reg 2|GRE SNARS 1-2|GRE SoCal 2|GRE TAC 1-2|GRE TAC 2-2|GRE TAC 310-2|GRE TAC 3-2|GRE USA 2|GRE Utah 2|GRE Wash 1|GRE Wash 2|GRE Worldwide 2|GRE WW Eng 2","443.1|443.1|443.1|443.1|443.1|443.1|443.1|443.1|443.1|443.1|443.1|443.1|443.1|443.1|443.1|443.1|443.1|443.1|443.1|443.1|443.1|443.1|443.1|443.1|443.1|443.1|443.1|443.1|443.1|443.1|443.1|443.1|443.1","448.1|448.1|448.1|448.1|448.1|448.1|448.1|448.1|448.1|448.1|448.1|448.1|448.1|448.1|448.1|448.1|448.1|448.1|448.1|448.1|448.1|448.1|448.1|448.1|448.1|448.1|448.1|448.1|448.1|448.1|448.1|448.1|448.1","GRE ARRG 2","443.1","448.1","GRE ARRG 2","443.1","448.1"
"19","Hillsburo/Saddle","PSA ARRG 2|PSA BayNet 2|PSA BC 1|PSA Bridge 2|PSA California 1|PSA Cascad 1|PSA Comm 1|PSA I-5-1|PSA I-84-2|PSA Idaho 1|PSA Local 1|PSA Montana 2|PSA Mountain 2|PSA MPRG 1-2|PSA Net 2|PSA North Am 2|PSA Oregon 1|PSA Parrot 1|PSA PNW 1|PSA PNW 2|PSA PNW Reg 2|PSA SNARS 1-2|PSA SoCal 2|PSA TAC 1-2|PSA TAC 2-2|PSA TAC 310-2|PSA TAC 3-2|PSA USA 2|PSA Utah 2|PSA Wash 1|PSA Wash 2|PSA Worldwide 2|PSA WW Eng 2","440.8125|440.8125|440.8125|440.8125|440.8125|440.8125|440.8125|440.8125|440.8125|440.8125|440.8125|440.8125|440.8125|440.8125|440.8125|440.8125|440.8125|440.8125|440.8125|440.8125|440.8125|440.8125|440.8125|440.8125|440.8125|440.8125|440.8125|440.8125|440.8125|440.8125|440.8125|440.8125|440.8125","445.8125|445.8125|445.8125|445.8125|445.8125|445.8125|445.8125|445.8125|445.8125|445.8125|445.8125|445.8125|445.8125|445.8125|445.8125|445.8125|445.8125|445.8125|445.8125|445.8125|445.8125|445.8125|445.8125|445.8125|445.8125|445.8125|445.8125|445.8125|445.8125|445.8125|445.8125|445.8125|445.8125","PSA ARRG 2","440.8125","445.8125","PSA ARRG 2","440.8125","445.8125"
"20","Kelso/Columbia","KEC Audio Test 2|KEC BC 1|KEC Bridge 2|KEC California 1|KEC Hawaii 1-2|KEC I-5-1|KEC Local 1|KEC Local 2|KEC Mountain 2|KEC North Am 2|KEC Oregon 1|KEC Parrot 1|KEC PNW 1|KEC PNW 2|KEC TAC 1-2|KEC TAC 310-2|KEC TAC 311-2|KEC TAC 312-2|KEC TAC Eng 2|KEC USA 2|KEC Wash 1|KEC Wash 2|KEC Worldwide 2|KEC WW Eng 2","444.7125|444.7125|444.7125|444.7125|444.7125|444.7125|444.7125|444.7125|444.7125|444.7125|444.7125|444.7125|444.7125|444.7125|444.7125|444.7125|444.7125|444.7125|444.7125|444.7125|444.7125|444.7125|444.7125|444.7125","449.7125|449.7125|449.7125|449.7125|449.7125|449.7125|449.7125|449.7125|449.7125|449.7125|449.7125|449.7125|449.7125|449.7125|449.7125|449.7125|449.7125|449.7125|449.7125|449.7125|449.7125|449.7125|449.7125|449.7125","KEC Audio Test 2","444.7125","449.7125","KEC Audio Test 2","444.7125","449.7125"
"21","Kelso/Rainier","KER Audio Test 2|KER BC 1|KER Bridge 2|KER Hawaii 1-2|KER I-5-1|KER Local 1|KER Local 2|KER Mountain 2|KER North Am 2|KER Oregon 1|KER Parrot 1|KER PNW 1|KER PNW 2|KER TAC 1-2|KER TAC 310-2|KER TAC 311-2|KER TAC 312-2|KER TAC Eng 2|KER USA 2|KER Wash 1|KER Wash 2|KER Worldwide 2|KER WW Eng 2","441.7|441.7|441.7|441.7|441.7|441.7|441.7|441.7|441.7|441.7|441.7|441.7|441.7|441.7|441.7|441.7|441.7|441.7|441.7|441.7|441.7|441.7|441.7","446.7|446.7|446.7|446.7|446.7|446.7|446.7|446.7|446.7|446.7|446.7|446.7|446.7|446.7|446.7|446.7|446.7|446.7|446.7|446.7|446.7|446.7|446.7","KER Audio Test 2","441.7","446.7","KER Audio Test 2","441.7","446.7"
"22","Mazama VHF","MAZ Audio Test 2|MAZ BC 1|MAZ Bridge 2|MAZ California 1|MAZ Canada 2|MAZ Cascad 1|MAZ Comm 1|MAZ Comm 2|MAZ Fusion 2|MAZ Hawaii 1-2|MAZ I-5-1|MAZ Idaho 1|MAZ Local 1|MAZ Local 2|MAZ Michigan 1|MAZ Michigan 2|MAZ Montana 2|MAZ Mountain 2|MAZ MPRG 1-2|MAZ Net 2|MAZ North Am 2|MAZ Oregon 1|MAZ Parrot 1|MAZ PNW 1|MAZ PNW 2|MAZ PNW Reg 2|MAZ PS1-DNU|MAZ PS2-DNU|MAZ SNARS 1-2|MAZ TAC 1-2|MAZ TAC 2-2|MAZ TAC 310-2|MAZ TAC 311-2|MAZ TAC 312-2|MAZ TAC 313-2|MAZ TAC 314-2|MAZ TAC 315-2|MAZ TAC 316-2|MAZ TAC 317-2|MAZ TAC 318-2|MAZ TAC 319-2|MAZ TAC 3-2|MAZ TAC Eng 2|MAZ USA 2|MAZ Wash 1|MAZ Wash 2|MAZ Worldwide 2|MAZ WW Eng 2","145.21|145.21|145.21|145.21|145.21|145.21|145.21|145.21|145.21|145.21|145.21|145.21|145.21|145.21|145.21|145.21|145.21|145.21|145.21|145.21|145.21|145.21|145.21|145.21|145.21|145.21|145.21|145.21|145.21|145.21|145.21|145.21|145.21|145.21|145.21|145.21|145.21|145.21|145.21|145.21|145.21|145.21|145.21|145.21|145.21|145.21|145.21|145.21","147.99|147.99|147.99|147.99|147.99|147.99|147.99|147.99|147.99|147.99|147.99|147.99|147.99|147.99|147.99|147.99|147.99|147.99|147.99|147.99|147.99|147.99|147.99|147.99|147.99|147.99|147.99|147.99|147.99|147.99|147.99|147.99|147.99|147.99|147.99|147.99|147.99|147.99|147.99|147.99|147.99|147.99|147.99|147.99|147.99|147.99|147.99|147.99","MAZ Audio Test 2","145.21","147.99","MAZ Audio Test 2","145.21","147.99"
"23","MM/Bridget 434","MMB Cascad 1|MMB I-5-1|MMB Local 2|MMB MPRG 1-2|MMB Oregon 1|MMB Parrot 1|MMB PNW 1|MMB PNW 2|MMB PNW Reg 2|MMB PS1-DNU|MMB PS2-DNU|MMB TAC 1-2|MMB TAC 2-2|MMB TAC 310-2|MMB TAC 314-2|MMB TAC 8-2|MMB TG 9|MMB Wash 1|MMB Wash 2","434|434|434|434|434|434|434|434|434|434|434|434|434|434|434|434|434|434|434","434|434|434|434|434|434|434|434|434|434|434|434|434|434|434|434|434|434|434","MMB Cascad 1","434","434","MMB Cascad 1","434","434"
"24","MM/HotSpot 434","MMH Audio Test 2|MMH BayNet 2|MMH California 1|MMH Hawaii 1-2|MMH Michigan 1|MMH Montana 2|MMH Mountain 2|MMH MPRG 1-2|MMH North Am 2|MMH Oregon 1|MMH PNW Reg 2|MMH SNARS 1-2|MMH SoCal 2|MMH TAC 310-2|MMH TAC 311-2|MMH TAC 312-2|MMH TAC 8-2|MMH TG 9|MMH Utah 2|MMH Wash 1","434|434|434|434|434|434|434|434|434|434|434|434|434|434|434|434|434|434|434|434","434|434|434|434|434|434|434|434|434|434|434|434|434|434|434|434|434|434|434|434","MMH Audio Test 2","434","434","MMH Audio Test 2","434","434"
"25","MM/Peter 434","MMP Cascad 1|MMP PNW Reg 2|MMP TAC 1-2|MMP TAC 2-2|MMP TAC 8-2|MMP TG 9|MMP Wash 1","434|434|434|434|434|434|434","434|434|434|434|434|434|434","MMP Cascad 1","434","434","MMP Cascad 1","434","434"
"26","MM/Rex 2Slot","MMR Cascad 1|MMR Oregon 1|MMR Parrot 1|MMR PNW 1|MMR PNW 2|MMR PNW Reg 2|MMR PS1-DNU|MMR PS2-DNU|MMR TAC 1-2|MMR TAC 2-2|MMR TAC 8-2|MMR TG 9|MMR USA 2|MMR Wash 1|MMR Wash 2","433|433|433|433|433|433|433|433|433|433|433|433|433|433|433","440|440|440|440|440|440|440|440|440|440|440|440|440|440|440","MMR Cascad 1","433","440","MMR Cascad 1","433","440"
"27","MM/Suzy 434","MMS Cascad 1|MMS Montana 2|MMS MPRG 1-2|MMS Parrot 1|MMS PNW 1|MMS PNW 2|MMS PNW Reg 2|MMS PS1-DNU|MMS PS2-DNU|MMS TAC 1-2|MMS TAC 2-2|MMS TAC 8-2|MMS TG 9|MMS Wash 1|MMS Wash 2","434|434|434|434|434|434|434|434|434|434|434|434|434|434|434","434|434|434|434|434|434|434|434|434|434|434|434|434|434|434","MMS Cascad 1","434","434","MMS Cascad 1","434","434"
"28","MM/Wes 434","MMW I-5-1|MMW Oregon 1|MMW Parrot 1|MMW PNW 1|MMW PNW 2|MMW PNW Reg 2|MMW TAC 1-2|MMW TAC 2-2|MMW TAC 310-2|MMW TAC 8-2|MMW TG 9|MMW Wash 1|MMW Wash 2","434|434|434|434|434|434|434|434|434|434|434|434|434","434|434|434|434|434|434|434|434|434|434|434|434|434","MMW I-5-1","434","434","MMW I-5-1","434","434"
"29","Moses Lk/Frechmn","MOS Audio Test 2|MOS California 1|MOS Cascad 1|MOS Comm 1|MOS I-84-2|MOS PNW 1|MOS PNW 2|MOS PNW Reg 2|MOS TAC 1-2|MOS TAC 2-2|MOS TAC 8-2|MOS TG 9|MOS Wash 1","440.925|440.925|440.925|440.925|440.925|440.925|440.925|440.925|440.925|440.925|440.925|440.925|440.925","445.925|445.925|445.925|445.925|445.925|445.925|445.925|445.925|445.925|445.925|445.925|445.925|445.925","MOS Audio Test 2","440.925","445.925","MOS Audio Test 2","440.925","445.925"
"30","NBend/ValleyCamp","NBE Audio Test 2|NBE Cascad 1|NBE I-5-1|NBE Local 1|NBE Local 2|NBE Net 2|NBE Oregon 1|NBE Parrot 1|NBE PNW 1|NBE PNW 2|NBE PNW Reg 2|NBE PS1-DNU|NBE PS2-DNU|NBE TAC 1-2|NBE TAC 2-2|NBE TAC 3-2|NBE USA 2|NBE Wash 1|NBE Wash 2","440.725|440.725|440.725|440.725|440.725|440.725|440.725|440.725|440.725|440.725|440.725|440.725|440.725|440.725|440.725|440.725|440.725|440.725|440.725","445.725|445.725|445.725|445.725|445.725|445.725|445.725|445.725|445.725|445.725|445.725|445.725|445.725|445.725|445.725|445.725|445.725|445.725|445.725","NBE Audio Test 2","440.725","445.725","NBE Audio Test 2","440.725","445.725"
"31","Newberg/MtnTopRd","NEB Audio Test 2|NEB I-5-1|NEB Local 1|NEB Local 2|NEB Oregon 1|NEB Parrot 1|NEB PNW 1|NEB PNW 2|NEB TAC 310-2|NEB Wash 1|NEB Wash 2","444.4875|444.4875|444.4875|444.4875|444.4875|444.4875|444.4875|444.4875|444.4875|444.4875|444.4875","449.4875|449.4875|449.4875|449.4875|449.4875|449.4875|449.4875|449.4875|449.4875|449.4875|449.4875","NEB Audio Test 2","444.4875","449.4875","NEB Audio Test 2","444.4875","449.4875"
"32","Olympia/Cap Pk","OLY Audio Test 2|OLY BC 1|OLY Bridge 2|OLY California 1|OLY Canada 2|OLY Cascad 1|OLY Comm 1|OLY Hawaii 1-2|OLY I-5-1|OLY Local 1|OLY Local 2|OLY Montana 2|OLY Net 2|OLY North Am 2|OLY Oregon 1|OLY Parrot 1|OLY PNW 1|OLY PNW 2|OLY PNW Reg 2|OLY PS1-DNU|OLY PS2-DNU|OLY SNARS 1-2|OLY TAC 1-2|OLY TAC 2-2|OLY TAC 310-2|OLY TAC 311-2|OLY TAC 312-2|OLY TAC 313-2|OLY TAC 314-2|OLY TAC 315-2|OLY TAC 316-2|OLY TAC 317-2|OLY TAC 318-2|OLY TAC 319-2|OLY TAC 3-2|OLY TAC Eng 2|OLY USA 2|OLY Wash 1|OLY Wash 2|OLY Worldwide 2|OLY WW Eng 2","440.7125|440.7125|440.7125|440.7125|440.7125|440.7125|440.7125|440.7125|440.7125|440.7125|440.7125|440.7125|440.7125|440.7125|440.7125|440.7125|440.7125|440.7125|440.7125|440.7125|440.7125|440.7125|440.7125|440.7125|440.7125|440.7125|440.7125|440.7125|440.7125|440.7125|440.7125|440.7125|440.7125|440.7125|440.7125|440.7125|440.7125|440.7125|440.7125|440.7125|440.7125","445.7125|445.7125|445.7125|445.7125|445.7125|445.7125|445.7125|445.7125|445.7125|445.7125|445.7125|445.7125|445.7125|445.7125|445.7125|445.7125|445.7125|445.7125|445.7125|445.7125|445.7125|445.7125|445.7125|445.7125|445.7125|445.7125|445.7125|445.7125|445.7125|445.7125|445.7125|445.7125|445.7125|445.7125|445.7125|445.7125|445.7125|445.7125|445.7125|445.7125|445.7125","OLY Audio Test 2","440.7125","445.7125","OLY Audio Test 2","440.7125","445.7125"
"33","Oso/Frailey","OSO Audio Test 2|OSO BC 1|OSO Bridge 2|OSO California 1|OSO Cascad 1|OSO Comm 1|OSO Comm 2|OSO Hawaii 1-2|OSO I-5-1|OSO Local 1|OSO Local 2|OSO Montana 2|OSO Mountain 2|OSO Net 2|OSO North Am 2|OSO Oregon 1|OSO Parrot 1|OSO PNW 1|OSO PNW 2|OSO PNW Reg 2|OSO PS1-DNU|OSO PS2-DNU|OSO SNARS 1-2|OSO TAC 1-2|OSO TAC 2-2|OSO TAC 310-2|OSO TAC 311-2|OSO TAC 312-2|OSO TAC 313-2|OSO TAC 314-2|OSO TAC 315-2|OSO TAC 316-2|OSO TAC 317-2|OSO TAC 318-2|OSO TAC 319-2|OSO TAC 3-2|OSO TAC Eng 2|OSO USA 2|OSO Wash 1|OSO Wash 2|OSO Worldwide 2|OSO WW Eng 2","444.15|444.15|444.15|444.15|444.15|444.15|444.15|444.15|444.15|444.15|444.15|444.15|444.15|444.15|444.15|444.15|444.15|444.15|444.15|444.15|444.15|444.15|444.15|444.15|444.15|444.15|444.15|444.15|444.15|444.15|444.15|444.15|444.15|444.15|444.15|444.15|444.15|444.15|444.15|444.15|444.15|444.15","449.15|449.15|449.15|449.15|449.15|449.15|449.15|449.15|449.15|449.15|449.15|449.15|449.15|449.15|449.15|449.15|449.15|449.15|449.15|449.15|449.15|449.15|449.15|449.15|449.15|449.15|449.15|449.15|449.15|449.15|449.15|449.15|449.15|449.15|449.15|449.15|449.15|449.15|449.15|449.15|449.15|449.15","OSO Audio Test 2","444.15","449.15","OSO Audio Test 2","444.15","449.15"
"34","Portland/MtScott","PSC ARRG 2|PSC BayNet 2|PSC BC 1|PSC Bridge 2|PSC California 1|PSC Cascad 1|PSC Comm 1|PSC I-5-1|PSC I-84-2|PSC Idaho 1|PSC Montana 2|PSC Mountain 2|PSC MPRG 1-2|PSC Net 2|PSC North Am 2|PSC Oregon 1|PSC Parrot 1|PSC PNW 1|PSC PNW 2|PSC PNW Reg 2|PSC SNARS 1-2|PSC SoCal 2|PSC TAC 1-2|PSC TAC 2-2|PSC TAC 310-2|PSC TAC 3-2|PSC USA 2|PSC Utah 2|PSC Wash 1|PSC Wash 2|PSC Worldwide 2|PSC WW Eng 2","441.325|441.325|441.325|441.325|441.325|441.325|441.325|441.325|441.325|441.325|441.325|441.325|441.325|441.325|441.325|441.325|441.325|441.325|441.325|441.325|441.325|441.325|441.325|441.325|441.325|441.325|441.325|441.325|441.325|441.325|441.325|441.325","446.325|446.325|446.325|446.325|446.325|446.325|446.325|446.325|446.325|446.325|446.325|446.325|446.325|446.325|446.325|446.325|446.325|446.325|446.325|446.325|446.325|446.325|446.325|446.325|446.325|446.325|446.325|446.325|446.325|446.325|446.325|446.325","PSC ARRG 2","441.325","446.325","PSC ARRG 2","441.325","446.325"
"35","Portland/PPMC","PPM ARRG 2|PPM Audio Test 2|PPM Cascad 1|PPM I-5-1|PPM Local 1|PPM Local 2|PPM Net 2|PPM Oregon 1|PPM Parrot 1|PPM PNW 1|PPM PNW 2|PPM PNW Reg 2|PPM TAC 1-2|PPM TAC 310-2|PPM Wash 1|PPM Wash 2","444.8375|444.8375|444.8375|444.8375|444.8375|444.8375|444.8375|444.8375|444.8375|444.8375|444.8375|444.8375|444.8375|444.8375|444.8375|444.8375","449.8375|449.8375|449.8375|449.8375|449.8375|449.8375|449.8375|449.8375|449.8375|449.8375|449.8375|449.8375|449.8375|449.8375|449.8375|449.8375","PPM ARRG 2","444.8375","449.8375","PPM ARRG 2","444.8375","449.8375"
"36","Portland/Sylvan","PSY ARRG 2|PSY BayNet 2|PSY BC 1|PSY Bridge 2|PSY California 1|PSY Cascad 1|PSY Comm 1|PSY I-5-1|PSY I-84-2|PSY Idaho 1|PSY Local 1|PSY Montana 2|PSY Mountain 2|PSY MPRG 1-2|PSY Net 2|PSY North Am 2|PSY Oregon 1|PSY Parrot 1|PSY PNW 1|PSY PNW 2|PSY PNW Reg 2|PSY SNARS 1-2|PSY SoCal 2|PSY TAC 1-2|PSY TAC 2-2|PSY TAC 310-2|PSY TAC 3-2|PSY USA 2|PSY Utah 2|PSY Wash 1|PSY Wash 2|PSY Worldwide 2|PSY WW Eng 2","440.5125|440.5125|440.5125|440.5125|440.5125|440.5125|440.5125|440.5125|440.5125|440.5125|440.5125|440.5125|440.5125|440.5125|440.5125|440.5125|440.5125|440.5125|440.5125|440.5125|440.5125|440.5125|440.5125|440.5125|440.5125|440.5125|440.5125|440.5125|440.5125|440.5125|440.5125|440.5125|440.5125","445.5125|445.5125|445.5125|445.5125|445.5125|445.5125|445.5125|445.5125|445.5125|445.5125|445.5125|445.5125|445.5125|445.5125|445.5125|445.5125|445.5125|445.5125|445.5125|445.5125|445.5125|445.5125|445.5125|445.5125|445.5125|445.5125|445.5125|445.5125|445.5125|445.5125|445.5125|445.5125|445.5125","PSY ARRG 2","440.5125","445.5125","PSY ARRG 2","440.5125","445.5125"
"37","Prineville/Town","Audio Test 2|Cascades East 1|Local 1|Local 2|Net 2|North America 2|Oregon 1|Parrot 1|PNW 1|PNW 2|PNW Regional 2|TAC 1-2|TAC 2-2|TAC 310-2|TAC 311-2|TAC 312-2|TAC 313-2|TAC 314-2|TAC 319-2|Wash 1|Wash 2|Worldwide 2","441.25|441.25|441.25|441.25|441.25|441.25|441.25|441.25|441.25|441.25|441.25|441.25|441.25|441.25|441.25|441.25|441.25|441.25|441.25|441.25|441.25|441.25","446.25|446.25|446.25|446.25|446.25|446.25|446.25|446.25|446.25|446.25|446.25|446.25|446.25|446.25|446.25|446.25|446.25|446.25|446.25|446.25|446.25|446.25","Audio Test 2","441.25","446.25","Audio Test 2","441.25","446.25"
"38","Saint Maries ID","SAI Cascad 1|SAI Oregon 1|SAI Parrot 1|SAI PNW 1|SAI PNW 2|SAI PNW Reg 2|SAI TAC 1-2|SAI TAC 2-2|SAI TAC 310-2|SAI TAC 3-2|SAI USA 2|SAI Wash 1|SAI Wash 2","443.75|443.75|443.75|443.75|443.75|443.75|443.75|443.75|443.75|443.75|443.75|443.75|443.75","448.75|448.75|448.75|448.75|448.75|448.75|448.75|448.75|448.75|448.75|448.75|448.75|448.75","SAI Cascad 1","443.75","448.75","SAI Cascad 1","443.75","448.75"
"39","Salem/Orchard","SAL Audio Test 2|SAL I-5-1|SAL Local 1|SAL Local 2|SAL Oregon 1|SAL Parrot 1|SAL PNW 1|SAL PNW 2|SAL TAC 310-2|SAL TAC 311-2|SAL TAC 312-2|SAL TAC 314-2|SAL Wash 1|SAL Wash 2","442.8875|442.8875|442.8875|442.8875|442.8875|442.8875|442.8875|442.8875|442.8875|442.8875|442.8875|442.8875|442.8875|442.8875","447.8875|447.8875|447.8875|447.8875|447.8875|447.8875|447.8875|447.8875|447.8875|447.8875|447.8875|447.8875|447.8875|447.8875","SAL Audio Test 2","442.8875","447.8875","SAL Audio Test 2","442.8875","447.8875"
"40","Seattle/Cougar","SCO BC 1|SCO Bridge 2|SCO California 1|SCO Canada 2|SCO Cascad 1|SCO Comm 1|SCO Comm 2|SCO Fusion 2|SCO Hawaii 1-2|SCO I-5-1|SCO Local 1|SCO Local 2|SCO Michigan 1|SCO Montana 2|SCO Mountain 2|SCO Net 2|SCO North Am 2|SCO Oregon 1|SCO Parrot 1|SCO PNW 1|SCO PNW 2|SCO PNW Reg 2|SCO PS1-DNU|SCO PS2-DNU|SCO SNARS 1-2|SCO TAC 1-2|SCO TAC 2-2|SCO TAC 310-2|SCO TAC 311-2|SCO TAC 312-2|SCO TAC 313-2|SCO TAC 314-2|SCO TAC 319-2|SCO TAC 3-2|SCO TAC Eng 2|SCO USA 2|SCO Wash 1|SCO Wash 2|SCO Worldwide 2|SCO WW Eng 2","441.2875|441.2875|441.2875|441.2875|441.2875|441.2875|441.2875|441.2875|441.2875|441.2875|441.2875|441.2875|441.2875|441.2875|441.2875|441.2875|441.2875|441.2875|441.2875|441.2875|441.2875|441.2875|441.2875|441.2875|441.2875|441.2875|441.2875|441.2875|441.2875|441.2875|441.2875|441.2875|441.2875|441.2875|441.2875|441.2875|441.2875|441.2875|441.2875|441.2875","446.2875|446.2875|446.2875|446.2875|446.2875|446.2875|446.2875|446.2875|446.2875|446.2875|446.2875|446.2875|446.2875|446.2875|446.2875|446.2875|446.2875|446.2875|446.2875|446.2875|446.2875|446.2875|446.2875|446.2875|446.2875|446.2875|446.2875|446.2875|446.2875|446.2875|446.2875|446.2875|446.2875|446.2875|446.2875|446.2875|446.2875|446.2875|446.2875|446.2875","SCO BC 1","441.2875","446.2875","SCO BC 1","441.2875","446.2875"
"41","Seattle/Metro","SME Audio Test 2|SME BC 1|SME Bridge 2|SME California 1|SME Canada 2|SME Cascad 1|SME Comm 1|SME Hawaii 1-2|SME I-5-1|SME Local 1|SME Local 2|SME Montana 2|SME Net 2|SME North Am 2|SME Oregon 1|SME Parrot 1|SME PNW 1|SME PNW 2|SME PNW Reg 2|SME PS1-DNU|SME PS2-DNU|SME SNARS 1-2|SME TAC 1-2|SME TAC 2-2|SME TAC 310-2|SME TAC 311-2|SME TAC 312-2|SME TAC 313-2|SME TAC 314-2|SME TAC 315-2|SME TAC 316-2|SME TAC 317-2|SME TAC 318-2|SME TAC 319-2|SME TAC 3-2|SME TAC Eng 2|SME USA 2|SME Wash 1|SME Wash 2|SME Worldwide 2|SME WW Eng 2","441.325|441.325|441.325|441.325|441.325|441.325|441.325|441.325|441.325|441.325|441.325|441.325|441.325|441.325|441.325|441.325|441.325|441.325|441.325|441.325|441.325|441.325|441.325|441.325|441.325|441.325|441.325|441.325|441.325|441.325|441.325|441.325|441.325|441.325|441.325|441.325|441.325|441.325|441.325|441.325|441.325","446.325|446.325|446.325|446.325|446.325|446.325|446.325|446.325|446.325|446.325|446.325|446.325|446.325|446.325|446.325|446.325|446.325|446.325|446.325|446.325|446.325|446.325|446.325|446.325|446.325|446.325|446.325|446.325|446.325|446.325|446.325|446.325|446.325|446.325|446.325|446.325|446.325|446.325|446.325|446.325|446.325","SME Audio Test 2","441.325","446.325","SME Audio Test 2","441.325","446.325"
"42","Seattle/Tiger","STI Audio Test 2|STI BC 1|STI Bridge 2|STI Cascad 1|STI I-5-1|STI Local 1|STI Local 2|STI Net 2|STI Oregon 1|STI Parrot 1|STI PNW 1|STI PNW 2|STI PNW Reg 2|STI PS1-DNU|STI PS2-DNU|STI TAC 1-2|STI TAC 310-2|STI TAC Eng 2|STI USA 2|STI Wash 1|STI Wash 2|STI Worldwide 2|STI WW Eng 2","442.025|442.025|442.025|442.025|442.025|442.025|442.025|442.025|442.025|442.025|442.025|442.025|442.025|442.025|442.025|442.025|442.025|442.025|442.025|442.025|442.025|442.025|442.025","447.025|447.025|447.025|447.025|447.025|447.025|447.025|447.025|447.025|447.025|447.025|447.025|447.025|447.025|447.025|447.025|447.025|447.025|447.025|447.025|447.025|447.025|447.025","STI Audio Test 2","442.025","447.025","STI Audio Test 2","442.025","447.025"
"43","SeaPac/PNW Demo","SPC Audio Test 2|SPC California 1|SPC Cascad 1|SPC Idaho 1|SPC Local 1|SPC Local 2|SPC Montana 2|SPC Oregon 1|SPC Parrot 1|SPC PNW 1|SPC PNW 2|SPC PNW Reg 2|SPC TAC 1-2|SPC Utah 2|SPC Wash 1|SPC Wash 2","444.15|444.15|444.15|444.15|444.15|444.15|444.15|444.15|444.15|444.15|444.15|444.15|444.15|444.15|444.15|444.15","449.15|449.15|449.15|449.15|449.15|449.15|449.15|449.15|449.15|449.15|449.15|449.15|449.15|449.15|449.15|449.15","SPC Audio Test 2","444.15","449.15","SPC Audio Test 2","444.15","449.15"
"44","Snoq/Rattlesnake","SNO Audio Test 2|SNO BC 1|SNO Bridge 2|SNO Cascad 1|SNO Comm 1|SNO I-5-1|SNO Local 1|SNO Local 2|SNO Net 2|SNO Oregon 1|SNO Parrot 1|SNO PNW 1|SNO PNW 2|SNO PNW Reg 2|SNO PS1-DNU|SNO PS2-DNU|SNO TAC 1-2|SNO TAC 2-2|SNO TAC 310-2|SNO TAC 3-2|SNO USA 2|SNO Wash 1|SNO Wash 2","147.02|147.02|147.02|147.02|147.02|147.02|147.02|147.02|147.02|147.02|147.02|147.02|147.02|147.02|147.02|147.02|147.02|147.02|147.02|147.02|147.02|147.02|147.02","147.62|147.62|147.62|147.62|147.62|147.62|147.62|147.62|147.62|147.62|147.62|147.62|147.62|147.62|147.62|147.62|147.62|147.62|147.62|147.62|147.62|147.62|147.62","SNO Audio Test 2","147.02","147.62","SNO Audio Test 2","147.02","147.62"
"45","Spok/Krell UHF","SKU Audio Test 2|SKU BC 1|SKU Cascad 1|SKU I-5-1|SKU Idaho 1|SKU Local 1|SKU Local 2|SKU Mountain 2|SKU Net 2|SKU North Am 2|SKU Oregon 1|SKU Parrot 1|SKU PNW 1|SKU PNW 2|SKU PNW Reg 2|SKU PS1-DNU|SKU PS2-DNU|SKU SNARS 1-2|SKU TAC 1-2|SKU TAC 2-2|SKU TAC 310-2|SKU TAC 311-2|SKU TAC 312-2|SKU TAC 313-2|SKU TAC 314-2|SKU TAC 315-2|SKU TAC 316-2|SKU TAC 317-2|SKU TAC 318-2|SKU TAC 319-2|SKU TAC 3-2|SKU USA 2|SKU Wash 1|SKU Wash 2","444.125|444.125|444.125|444.125|444.125|444.125|444.125|444.125|444.125|444.125|444.125|444.125|444.125|444.125|444.125|444.125|444.125|444.125|444.125|444.125|444.125|444.125|444.125|444.125|444.125|444.125|444.125|444.125|444.125|444.125|444.125|444.125|444.125|444.125","449.125|449.125|449.125|449.125|449.125|449.125|449.125|449.125|449.125|449.125|449.125|449.125|449.125|449.125|449.125|449.125|449.125|449.125|449.125|449.125|449.125|449.125|449.125|449.125|449.125|449.125|449.125|449.125|449.125|449.125|449.125|449.125|449.125|449.125","SKU Audio Test 2","444.125","449.125","SKU Audio Test 2","444.125","449.125"
"46","Spok/Krell VHF","SKV Audio Test 2|SKV BC 1|SKV Cascad 1|SKV I-5-1|SKV Idaho 1|SKV Local 1|SKV Local 2|SKV Mountain 2|SKV Net 2|SKV North Am 2|SKV Oregon 1|SKV Parrot 1|SKV PNW 1|SKV PNW 2|SKV PNW Reg 2|SKV PS1-DNU|SKV PS2-DNU|SKV SNARS 1-2|SKV TAC 1-2|SKV TAC 2-2|SKV TAC 310-2|SKV TAC 311-2|SKV TAC 312-2|SKV TAC 313-2|SKV TAC 314-2|SKV TAC 315-2|SKV TAC 316-2|SKV TAC 317-2|SKV TAC 318-2|SKV TAC 319-2|SKV TAC 3-2|SKV USA 2|SKV Wash 1|SKV Wash 2","147.4125|147.4125|147.4125|147.4125|147.4125|147.4125|147.4125|147.4125|147.4125|147.4125|147.4125|147.4125|147.4125|147.4125|147.4125|147.4125|147.4125|147.4125|147.4125|147.4125|147.4125|147.4125|147.4125|147.4125|147.4125|147.4125|147.4125|147.4125|147.4125|147.4125|147.4125|147.4125|147.4125|147.4125","146.4125|146.4125|146.4125|146.4125|146.4125|146.4125|146.4125|146.4125|146.4125|146.4125|146.4125|146.4125|146.4125|146.4125|146.4125|146.4125|146.4125|146.4125|146.4125|146.4125|146.4125|146.4125|146.4125|146.4125|146.4125|146.4125|146.4125|146.4125|146.4125|146.4125|146.4125|146.4125|146.4125|146.4125","SKV Audio Test 2","147.4125","146.4125","SKV Audio Test 2","147.4125","146.4125"
"47","Spok/Lookout UHF","SLO Audio Test 2|SLO BC 1|SLO Cascad 1|SLO Hawaii 1-2|SLO I-5-1|SLO Idaho 1|SLO Local 1|SLO Local 2|SLO Mountain 2|SLO Net 2|SLO North Am 2|SLO Oregon 1|SLO Parrot 1|SLO PNW 1|SLO PNW 2|SLO PNW Reg 2|SLO PS1-DNU|SLO PS2-DNU|SLO SNARS 1-2|SLO TAC 1-2|SLO TAC 2-2|SLO TAC 310-2|SLO TAC 311-2|SLO TAC 312-2|SLO TAC 313-2|SLO TAC 314-2|SLO TAC 315-2|SLO TAC 316-2|SLO TAC 317-2|SLO TAC 318-2|SLO TAC 319-2|SLO TAC 3-2|SLO USA 2|SLO Wash 1|SLO Wash 2","444.15|444.15|444.15|444.15|444.15|444.15|444.15|444.15|444.15|444.15|444.15|444.15|444.15|444.15|444.15|444.15|444.15|444.15|444.15|444.15|444.15|444.15|444.15|444.15|444.15|444.15|444.15|444.15|444.15|444.15|444.15|444.15|444.15|444.15|444.15","449.15|449.15|449.15|449.15|449.15|449.15|449.15|449.15|449.15|449.15|449.15|449.15|449.15|449.15|449.15|449.15|449.15|449.15|449.15|449.15|449.15|449.15|449.15|449.15|449.15|449.15|449.15|449.15|449.15|449.15|449.15|449.15|449.15|449.15|449.15","SLO Audio Test 2","444.15","449.15","SLO Audio Test 2","444.15","449.15"
"48","Sultan/Haystack","SUL I-5-1|SUL Local 1|SUL Local 2|SUL Oregon 1|SUL Parrot 1|SUL PNW 1|SUL PNW 2|SUL TAC 1-2|SUL TAC 2-2|SUL TAC 310-2|SUL TAC 311-2|SUL TAC 312-2|SUL TAC 3-2|SUL Wash 1|SUL Wash 2","444.4|444.4|444.4|444.4|444.4|444.4|444.4|444.4|444.4|444.4|444.4|444.4|444.4|444.4|444.4","449.4|449.4|449.4|449.4|449.4|449.4|449.4|449.4|449.4|449.4|449.4|449.4|449.4|449.4|449.4","SUL I-5-1","444.4","449.4","SUL I-5-1","444.4","449.4"
"49","Tacoma/Baldi","TBA Audio Test 2|TBA BC 1|TBA Bridge 2|TBA California 1|TBA Canada 2|TBA Cascad 1|TBA Comm 1|TBA Comm 2|TBA Fusion 2|TBA Hawaii 1-2|TBA I-5-1|TBA Local 1|TBA Local 2|TBA Michigan 1|TBA Montana 2|TBA Mountain 2|TBA Net 2|TBA North Am 2|TBA Oregon 1|TBA Parrot 1|TBA PNW 1|TBA PNW 2|TBA PNW Reg 2|TBA PS1-DNU|TBA PS2-DNU|TBA SNARS 1-2|TBA TAC 1-2|TBA TAC 2-2|TBA TAC 310-2|TBA TAC 311-2|TBA TAC 312-2|TBA TAC 313-2|TBA TAC 314-2|TBA TAC 315-2|TBA TAC 316-2|TBA TAC 317-2|TBA TAC 318-2|TBA TAC 319-2|TBA TAC 3-2|TBA TAC Eng 2|TBA USA 2|TBA Wash 1|TBA Wash 2|TBA Worldwide 2|TBA WW Eng 2","441.35|441.35|441.35|441.35|441.35|441.35|441.35|441.35|441.35|441.35|441.35|441.35|441.35|441.35|441.35|441.35|441.35|441.35|441.35|441.35|441.35|441.35|441.35|441.35|441.35|441.35|441.35|441.35|441.35|441.35|441.35|441.35|441.35|441.35|441.35|441.35|441.35|441.35|441.35|441.35|441.35|441.35|441.35|441.35|441.35","446.35|446.35|446.35|446.35|446.35|446.35|446.35|446.35|446.35|446.35|446.35|446.35|446.35|446.35|446.35|446.35|446.35|446.35|446.35|446.35|446.35|446.35|446.35|446.35|446.35|446.35|446.35|446.35|446.35|446.35|446.35|446.35|446.35|446.35|446.35|446.35|446.35|446.35|446.35|446.35|446.35|446.35|446.35|446.35|446.35","TBA Audio Test 2","441.35","446.35","TBA Audio Test 2","441.35","446.35"
"50","Tacoma/Ruston","TRU Audio Test 2|TRU BC 1|TRU Bridge 2|TRU California 1|TRU Canada 2|TRU Cascad 1|TRU Comm 1|TRU Fusion 2|TRU Hawaii 1-2|TRU I-5-1|TRU Local 1|TRU Local 2|TRU Montana 2|TRU Net 2|TRU North Am 2|TRU Oregon 1|TRU Parrot 1|TRU PNW 1|TRU PNW 2|TRU PNW Reg 2|TRU PS1-DNU|TRU PS2-DNU|TRU SNARS 1-2|TRU TAC 1-2|TRU TAC 2-2|TRU TAC 310-2|TRU TAC 311-2|TRU TAC 312-2|TRU TAC 313-2|TRU TAC 314-2|TRU TAC 315-2|TRU TAC 316-2|TRU TAC 317-2|TRU TAC 318-2|TRU TAC 319-2|TRU TAC 3-2|TRU TAC Eng 2|TRU USA 2|TRU Wash 1|TRU Wash 2|TRU Worldwide 2|TRU WW Eng 2","440.725|440.725|440.725|440.725|440.725|440.725|440.725|440.725|440.725|440.725|440.725|440.725|440.725|440.725|440.725|440.725|440.725|440.725|440.725|440.725|440.725|440.725|440.725|440.725|440.725|440.725|440.725|440.725|440.725|440.725|440.725|440.725|440.725|440.725|440.725|440.725|440.725|440.725|440.725|440.725|440.725|440.725","445.725|445.725|445.725|445.725|445.725|445.725|445.725|445.725|445.725|445.725|445.725|445.725|445.725|445.725|445.725|445.725|445.725|445.725|445.725|445.725|445.725|445.725|445.725|445.725|445.725|445.725|445.725|445.725|445.725|445.725|445.725|445.725|445.725|445.725|445.725|445.725|445.725|445.725|445.725|445.725|445.725|445.725","TRU Audio Test 2","440.725","445.725","TRU Audio Test 2","440.725","445.725"
"51","TheDall/StackrBu","STB ARRG 2|STB Audio Test 2|STB BayNet 2|STB BC 1|STB Bridge 2|STB California 1|STB Cascad 1|STB Comm 1|STB I-5-1|STB I-84-2|STB Idaho 1|STB Local 1|STB Montana 2|STB Mountain 2|STB MPRG 1-2|STB Net 2|STB North Am 2|STB Oregon 1|STB Parrot 1|STB PNW 1|STB PNW 2|STB PNW Reg 2|STB SNARS 1-2|STB SoCal 2|STB TAC 1-2|STB TAC 2-2|STB TAC 310-2|STB TAC 3-2|STB USA 2|STB Utah 2|STB Wash 1|STB Wash 2|STB Worldwide 2|STB WW Eng 2","443.1|443.1|443.1|443.1|443.1|443.1|443.1|443.1|443.1|443.1|443.1|443.1|443.1|443.1|443.1|443.1|443.1|443.1|443.1|443.1|443.1|443.1|443.1|443.1|443.1|443.1|443.1|443.1|443.1|443.1|443.1|443.1|443.1|443.1","448.1|448.1|448.1|448.1|448.1|448.1|448.1|448.1|448.1|448.1|448.1|448.1|448.1|448.1|448.1|448.1|448.1|448.1|448.1|448.1|448.1|448.1|448.1|448.1|448.1|448.1|448.1|448.1|448.1|448.1|448.1|448.1|448.1|448.1","STB ARRG 2","443.1","448.1","STB ARRG 2","443.1","448.1"
"52","Tri-Citi/JOJ UHF","TIU Audio Test 2|TIU BC 1|TIU Bridge 2|TIU Cascad 1|TIU I-84-2|TIU Local 1|TIU Local 2|TIU Net 2|TIU Oregon 1|TIU Parrot 1|TIU PNW 1|TIU PNW 2|TIU PNW Reg 2|TIU PS1-DNU|TIU PS2-DNU|TIU TAC 1-2|TIU TAC 2-2|TIU TAC 310-2|TIU TAC 311-2|TIU TAC 312-2|TIU TAC 313-2|TIU TAC 314-2|TIU TAC 315-2|TIU TAC 316-2|TIU TAC 317-2|TIU TAC 318-2|TIU TAC 319-2|TIU TAC 3-2|TIU USA 2|TIU Wash 1|TIU Wash 2","440.7375|440.7375|440.7375|440.7375|440.7375|440.7375|440.7375|440.7375|440.7375|440.7375|440.7375|440.7375|440.7375|440.7375|440.7375|440.7375|440.7375|440.7375|440.7375|440.7375|440.7375|440.7375|440.7375|440.7375|440.7375|440.7375|440.7375|440.7375|440.7375|440.7375|440.7375","445.7375|445.7375|445.7375|445.7375|445.7375|445.7375|445.7375|445.7375|445.7375|445.7375|445.7375|445.7375|445.7375|445.7375|445.7375|445.7375|445.7375|445.7375|445.7375|445.7375|445.7375|445.7375|445.7375|445.7375|445.7375|445.7375|445.7375|445.7375|445.7375|445.7375|445.7375","TIU Audio Test 2","440.7375","445.7375","TIU Audio Test 2","440.7375","445.7375"
"53","Tri-Citi/JOJ VHF","TIV Audio Test 2|TIV BC 1|TIV Bridge 2|TIV Cascad 1|TIV I-84-2|TIV Local 1|TIV Local 2|TIV Net 2|TIV Oregon 1|TIV Parrot 1|TIV PNW 1|TIV PNW 2|TIV PNW Reg 2|TIV PS1-DNU|TIV PS2-DNU|TIV TAC 1-2|TIV TAC 2-2|TIV TAC 310-2|TIV TAC 311-2|TIV TAC 312-2|TIV TAC 313-2|TIV TAC 314-2|TIV TAC 315-2|TIV TAC 316-2|TIV TAC 317-2|TIV TAC 318-2|TIV TAC 319-2|TIV TAC 3-2|TIV USA 2|TIV Wash 1|TIV Wash 2","147.425|147.425|147.425|147.425|147.425|147.425|147.425|147.425|147.425|147.425|147.425|147.425|147.425|147.425|147.425|147.425|147.425|147.425|147.425|147.425|147.425|147.425|147.425|147.425|147.425|147.425|147.425|147.425|147.425|147.425|147.425","146.425|146.425|146.425|146.425|146.425|146.425|146.425|146.425|146.425|146.425|146.425|146.425|146.425|146.425|146.425|146.425|146.425|146.425|146.425|146.425|146.425|146.425|146.425|146.425|146.425|146.425|146.425|146.425|146.425|146.425|146.425","TIV Audio Test 2","147.425","146.425","TIV Audio Test 2","147.425","146.425"
"54","Wenatchee/LilBad","WEN Audio Test 2|WEN BC 1|WEN Bridge 2|WEN California 1|WEN Canada 2|WEN Cascad 1|WEN Comm 1|WEN Local 1|WEN Local 2|WEN Net 2|WEN North Am 2|WEN Oregon 1|WEN Parrot 1|WEN PNW 1|WEN PNW 2|WEN PNW Reg 2|WEN PS1-DNU|WEN PS2-DNU|WEN TAC 1-2|WEN TAC 2-2|WEN TAC 310-2|WEN TAC 311-2|WEN TAC 312-2|WEN TAC 313-2|WEN TAC 314-2|WEN TAC 315-2|WEN TAC 316-2|WEN TAC 317-2|WEN TAC 318-2|WEN TAC 319-2|WEN TAC Eng 2|WEN USA 2|WEN Wash 1|WEN Wash 2|WEN WW Eng 2","443.75|443.75|443.75|443.75|443.75|443.75|443.75|443.75|443.75|443.75|443.75|443.75|443.75|443.75|443.75|443.75|443.75|443.75|443.75|443.75|443.75|443.75|443.75|443.75|443.75|443.75|443.75|443.75|443.75|443.75|443.75|443.75|443.75|443.75|443.75","448.75|448.75|448.75|448.75|448.75|448.75|448.75|448.75|448.75|448.75|448.75|448.75|448.75|448.75|448.75|448.75|448.75|448.75|448.75|448.75|448.75|448.75|448.75|448.75|448.75|448.75|448.75|448.75|448.75|448.75|448.75|448.75|448.75|448.75|448.75","WEN Audio Test 2","443.75","448.75","WEN Audio Test 2","443.75","448.75"
"55","WWARA 440.7000","WAR BC 1|WAR Cascad 1|WAR I-5-1|WAR Idaho 1|WAR Local 1|WAR Local 2|WAR Montana 2|WAR Oregon 1|WAR Parrot 1|WAR PNW 1|WAR PNW 2|WAR PNW Reg 2|WAR PS1-DNU|WAR PS2-DNU|WAR TAC 1-2|WAR TAC 2-2|WAR TAC 3-2|WAR Wash 1|WAR Wash 2","440.7|440.7|440.7|440.7|440.7|440.7|440.7|440.7|440.7|440.7|440.7|440.7|440.7|440.7|440.7|440.7|440.7|440.7|440.7","445.7|445.7|445.7|445.7|445.7|445.7|445.7|445.7|445.7|445.7|445.7|445.7|445.7|445.7|445.7|445.7|445.7|445.7|445.7","WAR BC 1","440.7","445.7","WAR BC 1","440.7","445.7"
"56","WWARA 440.7125","WAR BC 1|WAR Cascad 1|WAR I-5-1|WAR Idaho 1|WAR Local 1|WAR Local 2|WAR Montana 2|WAR Oregon 1|WAR Parrot 1|WAR PNW 1|WAR PNW 2|WAR PNW Reg 2|WAR PS1-DNU|WAR PS2-DNU|WAR TAC 1-2|WAR TAC 2-2|WAR TAC 3-2|WAR Wash 1|WAR Wash 2","440.7125|440.7125|440.7125|440.7125|440.7125|440.7125|440.7125|440.7125|440.7125|440.7125|440.7125|440.7125|440.7125|440.7125|440.7125|440.7125|440.7125|440.7125|440.7125","445.7125|445.7125|445.7125|445.7125|445.7125|445.7125|445.7125|445.7125|445.7125|445.7125|445.7125|445.7125|445.7125|445.7125|445.7125|445.7125|445.7125|445.7125|445.7125","WAR BC 1","440.7125","445.7125","WAR BC 1","440.7125","445.7125"
"57","WWARA 440.7250","WAR BC 1|WAR Cascad 1|WAR I-5-1|WAR Idaho 1|WAR Local 1|WAR Local 2|WAR Montana 2|WAR Oregon 1|WAR Parrot 1|WAR PNW 1|WAR PNW 2|WAR PNW Reg 2|WAR PS1-DNU|WAR PS2-DNU|WAR TAC 1-2|WAR TAC 2-2|WAR TAC 3-2|WAR Wash 1|WAR Wash 2","440.725|440.725|440.725|440.725|440.725|440.725|440.725|440.725|440.725|440.725|440.725|440.725|440.725|440.725|440.725|440.725|440.725|440.725|440.725","445.725|445.725|445.725|445.725|445.725|445.725|445.725|445.725|445.725|445.725|445.725|445.725|445.725|445.725|445.725|445.725|445.725|445.725|445.725","WAR BC 1","440.725","445.725","WAR BC 1","440.725","445.725"
"58","WWARA 440.7375 ","WAR BC 1|WAR Cascad 1|WAR I-5-1|WAR Idaho 1|WAR Local 1|WAR Local 2|WAR Montana 2|WAR Oregon 1|WAR Parrot 1|WAR PNW 1|WAR PNW 2|WAR PNW Reg 2|WAR PS1-DNU|WAR PS2-DNU|WAR TAC 1-2|WAR TAC 2-2|WAR TAC 3-2|WAR Wash 1|WAR Wash 2","440.7375|440.7375|440.7375|440.7375|440.7375|440.7375|440.7375|440.7375|440.7375|440.7375|440.7375|440.7375|440.7375|440.7375|440.7375|440.7375|440.7375|440.7375|440.7375","445.7375|445.7375|445.7375|445.7375|445.7375|445.7375|445.7375|445.7375|445.7375|445.7375|445.7375|445.7375|445.7375|445.7375|445.7375|445.7375|445.7375|445.7375|445.7375","WAR BC 1","440.7375","445.7375","WAR BC 1","440.7375","445.7375"
"59","WWARA 440.7500","WAR BC 1|WAR Cascad 1|WAR I-5-1|WAR Idaho 1|WAR Local 1|WAR Local 2|WAR Montana 2|WAR Oregon 1|WAR Parrot 1|WAR PNW 1|WAR PNW 2|WAR PNW Reg 2|WAR PS1-DNU|WAR PS2-DNU|WAR TAC 1-2|WAR TAC 2-2|WAR TAC 3-2|WAR Wash 1|WAR Wash 2","440.75|440.75|440.75|440.75|440.75|440.75|440.75|440.75|440.75|440.75|440.75|440.75|440.75|440.75|440.75|440.75|440.75|440.75|440.75","445.75|445.75|445.75|445.75|445.75|445.75|445.75|445.75|445.75|445.75|445.75|445.75|445.75|445.75|445.75|445.75|445.75|445.75|445.75","WAR BC 1","440.75","445.75","WAR BC 1","440.75","445.75"
"60","WWARA 440.7625","WAR BC 1|WAR Cascad 1|WAR I-5-1|WAR Idaho 1|WAR Local 1|WAR Local 2|WAR Montana 2|WAR Oregon 1|WAR Parrot 1|WAR PNW 1|WAR PNW 2|WAR PNW Reg 2|WAR PS1-DNU|WAR PS2-DNU|WAR TAC 1-2|WAR TAC 2-2|WAR TAC 3-2|WAR Wash 1|WAR Wash 2","440.7625|440.7625|440.7625|440.7625|440.7625|440.7625|440.7625|440.7625|440.7625|440.7625|440.7625|440.7625|440.7625|440.7625|440.7625|440.7625|440.7625|440.7625|440.7625","445.7625|445.7625|445.7625|445.7625|445.7625|445.7625|445.7625|445.7625|445.7625|445.7625|445.7625|445.7625|445.7625|445.7625|445.7625|445.7625|445.7625|445.7625|445.7625","WAR BC 1","440.7625","445.7625","WAR BC 1","440.7625","445.7625"
"61","WWARA 440.7750","WAR BC 1|WAR Cascad 1|WAR I-5-1|WAR Idaho 1|WAR Local 1|WAR Local 2|WAR Montana 2|WAR Oregon 1|WAR Parrot 1|WAR PNW 1|WAR PNW 2|WAR PNW Reg 2|WAR PS1-DNU|WAR PS2-DNU|WAR TAC 1-2|WAR TAC 2-2|WAR TAC 3-2|WAR Wash 1|WAR Wash 2","440.775|440.775|440.775|440.775|440.775|440.775|440.775|440.775|440.775|440.775|440.775|440.775|440.775|440.775|440.775|440.775|440.775|440.775|440.775","445.775|445.775|445.775|445.775|445.775|445.775|445.775|445.775|445.775|445.775|445.775|445.775|445.775|445.775|445.775|445.775|445.775|445.775|445.775","WAR BC 1","440.775","445.775","WAR BC 1","440.775","445.775"
"62","Yakima/Elephant","YAK BC 1|YAK California 1|YAK Canada 2|YAK Cascad 1|YAK Comm 1|YAK Comm 2|YAK Hawaii 1-2|YAK Local 1|YAK Local 2|YAK Montana 2|YAK Mountain 2|YAK Net 2|YAK North Am 2|YAK Oregon 1|YAK Parrot 1|YAK PNW 1|YAK PNW 2|YAK PNW Reg 2|YAK PS1-DNU|YAK PS2-DNU|YAK TAC 1-2|YAK TAC 2-2|YAK TAC 310-2|YAK TAC 311-2|YAK TAC 312-2|YAK TAC 313-2|YAK TAC 314-2|YAK TAC 315-2|YAK TAC 316-2|YAK TAC 317-2|YAK TAC 318-2|YAK TAC 319-2|YAK TAC 3-2|YAK TAC Eng 2|YAK USA 2|YAK Wash 1|YAK Wash 2|YAK WW Eng 2","147.12|147.12|147.12|147.12|147.12|147.12|147.12|147.12|147.12|147.12|147.12|147.12|147.12|147.12|147.12|147.12|147.12|147.12|147.12|147.12|147.12|147.12|147.12|147.12|147.12|147.12|147.12|147.12|147.12|147.12|147.12|147.12|147.12|147.12|147.12|147.12|147.12|147.12","147.72|147.72|147.72|147.72|147.72|147.72|147.72|147.72|147.72|147.72|147.72|147.72|147.72|147.72|147.72|147.72|147.72|147.72|147.72|147.72|147.72|147.72|147.72|147.72|147.72|147.72|147.72|147.72|147.72|147.72|147.72|147.72|147.72|147.72|147.72|147.72|147.72|147.72","YAK BC 1","147.12","147.72","YAK BC 1","147.12","147.72"
"63","APRS - Analog","APRS Mute|APRS Voice|APRS Raw","144.39|144.39|144.39","144.39|144.39|144.39","APRS Mute","144.39","144.39","APRS Mute","144.39","144.39"
"64","DMR APRS","BM 431 TS2|BM 432 TS2|BM 433 TS2|BM 434 TS1|BM 434 TS2|BM 435 TS2","431|432|433|434|434|435","431|432|433|434|434|435","BM 431 TS2","431","431","BM 431 TS2","431","431"
"65","Eph/Analog VHF","145.3100 W7TT","145.31","144.71","145.3100 W7TT","145.31","144.71","145.3100 W7TT","145.31","144.71"
"66","Sea/Analog UHF","440.1000 K7SLB|440.5250 W7ACS|440.6500 K7CH|441.8000 W7AW|442.8750 WA7UHF|442.9000 WA7LZO|443.0000 WA7ACS|443.4750 WA7ACS|443.5000 W7VMI|443.5500 W7SRZ|443.6500 W7ACS|443.7750 KG7CM|444.2250 KC7LFW|444.3750 AJ7JA|444.4250 WW7SEA|444.5500 WW7SEA|444.7000 WW7SEA|444.7750 K7IDS|444.8250 W7SRZ","440.1|440.525|440.65|441.8|442.875|442.9|443|443.475|443.5|443.55|443.65|443.775|444.225|444.375|444.425|444.55|444.7|444.775|444.825","445.1|445.525|445.65|446.8|447.875|447.9|448|448.475|448.5|448.55|448.65|448.775|449.225|449.375|449.425|449.55|449.7|449.775|449.825","440.1000 K7SLB","440.1","445.1","440.1000 K7SLB","440.1","445.1"
"67","Sea/Analog VHF","145.1100 KC7SAR|145.2100 W7DK|145.3100 KC7IYE|145.3300 K7NWS|145.3500 W7ZLJ|145.4700 K7CPR|145.4900 K7LWH|146.6200 WW7RA|146.6600 WA7ST|146.7800 N7EBB|146.8200 K7LED|146.9000 W7SRZ|146.9200 WB7VYA|146.9600 WW7PSR|147.0000 W7DX|147.0600 W7AW|147.1600 W7MIR|147.4375 KF7VUR","145.11|145.21|145.31|145.33|145.35|145.47|145.49|146.62|146.66|146.78|146.82|146.9|146.92|146.96|147|147.06|147.16|147.4375","144.51|144.61|144.71|144.73|144.75|144.87|144.89|146.02|146.06|146.18|146.22|146.3|146.32|146.36|146.4|147.66|147.76|146.4375","145.1100 KC7SAR","145.11","144.51","145.1100 KC7SAR","145.11","144.51"
"68","Simplex","Rpt U10  430.450|Rpt U11 430.4625|Rpt U12  430.475|Rpt U09 430.4375|Sim U01  441.000|Sim U02  446.5|Sim U03  446.075|Sim U04  433.45|Sim U05  4304125|Sim U06  4394125|Sim U07  430.425|Sim U08  439.425|Sim V01  145.790|Sim V02  145.510|FM 146.52|FM 223.50|FM 446.00","430.45|430.4625|430.475|430.4375|441|446.5|446.075|433.45|430.4125|439.4125|430.425|439.425|145.79|145.51|146.52|223.5|446","439.45|439.4625|439.475|439.4375|441|446.5|446.075|433.45|430.4125|439.4125|430.425|439.425|145.79|145.51|146.52|223.5|446","Rpt U10  430.450","430.45","439.45","Rpt U10  430.450","430.45","439.45"
"69","SRG/Analog VHF","147.2000 Spok|147.2000 Wen|147.2000 Omak|147.2000 Yak|145.4500 KPR|145.4500 Chel|145.4500 Colv","147.2|147.2|147.2|147.2|145.45|145.45|145.45","147.8|147.8|147.8|147.8|144.85|144.85|144.85","147.2000 Spok","147.2","147.8","147.2000 Spok","147.2","147.8"
